{
    "params": {
        "model_name": "baseline",
        "data_dir": "data/dataset_us",
        "batch_size": 128,
        "epochs": 40,
        "momentum": 0.9,
        "lr": 0.001,
        "weight_decay": 0.0001,
        "useCosineAnnealingLR": false,
        "warmup_epochs": 0,
        "warmup_lr_decay": 0,
        "label_smoothing": 0,
        "class_weights": null,
        "n_data_workers": 10,
        "pin_memory": true,
        "cuda_force": true,
        "wandb_id": "79i4x66s",
        "wandb_project": "LfI24",
        "safe_model": true,
        "safe_model_file": "drive/Othercomputers/pc/train/results/colab/bl_3_us.pth",
        "safe_model_file_final": "drive/Othercomputers/pc/train/results/colab/bl_3_us_final.pth"
    },
    "timestamp_start_utc": "2024-04-07 10:26:40",
    "duration_min": 9.906334340572357,
    "best_metrics": {
        "epoch": 36,
        "duration_s": 14.714765071868896,
        "train_loss": 0.5520501444234124,
        "val_loss": 0.5811078180285061,
        "accuracy": 0.6933426119229877,
        "precision": 0.7112413425679276,
        "recall": 0.6312056737588653,
        "f1_score": 0.6688376753507015
    },
    "log": [
        {
            "epoch": 1,
            "duration_s": 16.602976083755493,
            "train_loss": 0.6729845570612557,
            "val_loss": 0.6500936325858621,
            "accuracy": 0.6286244490837393,
            "precision": 0.6120313862249346,
            "recall": 0.6638297872340425,
            "f1_score": 0.6368791109095032
        },
        {
            "epoch": 2,
            "duration_s": 14.714797496795654,
            "train_loss": 0.6456241385091709,
            "val_loss": 0.6327497222844292,
            "accuracy": 0.6501971700301554,
            "precision": 0.6394120349104272,
            "recall": 0.6581560283687943,
            "f1_score": 0.6486486486486486
        },
        {
            "epoch": 3,
            "duration_s": 14.878741025924683,
            "train_loss": 0.6312818349916723,
            "val_loss": 0.622152658069835,
            "accuracy": 0.6592437949431686,
            "precision": 0.646551724137931,
            "recall": 0.6737588652482269,
            "f1_score": 0.6598749710581153
        },
        {
            "epoch": 4,
            "duration_s": 14.905457258224487,
            "train_loss": 0.6224981263468538,
            "val_loss": 0.6142228333389058,
            "accuracy": 0.6678264903734632,
            "precision": 0.666829506595017,
            "recall": 0.6453900709219859,
            "f1_score": 0.655934646804421
        },
        {
            "epoch": 5,
            "duration_s": 15.034135341644287,
            "train_loss": 0.6135927812208103,
            "val_loss": 0.6084883809089661,
            "accuracy": 0.6696822083043378,
            "precision": 0.6731829573934837,
            "recall": 0.6349881796690308,
            "f1_score": 0.6535279805352798
        },
        {
            "epoch": 6,
            "duration_s": 14.722353219985962,
            "train_loss": 0.607296468336371,
            "val_loss": 0.6041945350520751,
            "accuracy": 0.670610067269775,
            "precision": 0.6649264356905553,
            "recall": 0.6624113475177305,
            "f1_score": 0.6636665087636191
        },
        {
            "epoch": 7,
            "duration_s": 14.760571718215942,
            "train_loss": 0.6022163920010193,
            "val_loss": 0.600441509309937,
            "accuracy": 0.6815124101136627,
            "precision": 0.6983957219251337,
            "recall": 0.6174940898345154,
            "f1_score": 0.6554579673776662
        },
        {
            "epoch": 8,
            "duration_s": 14.75119137763977,
            "train_loss": 0.5975004136562347,
            "val_loss": 0.5974501502864501,
            "accuracy": 0.6833681280445373,
            "precision": 0.6947040498442367,
            "recall": 0.6326241134751773,
            "f1_score": 0.6622123236822568
        },
        {
            "epoch": 9,
            "duration_s": 14.76081132888794,
            "train_loss": 0.59377913309049,
            "val_loss": 0.5946877379627789,
            "accuracy": 0.6829041985618186,
            "precision": 0.6829745596868885,
            "recall": 0.660047281323877,
            "f1_score": 0.6713152200048088
        },
        {
            "epoch": 10,
            "duration_s": 14.99476170539856,
            "train_loss": 0.5909818271292916,
            "val_loss": 0.594519737888785,
            "accuracy": 0.6829041985618186,
            "precision": 0.674277726001864,
            "recall": 0.684160756501182,
            "f1_score": 0.6791832903074395
        },
        {
            "epoch": 11,
            "duration_s": 14.987634420394897,
            "train_loss": 0.5869830345051198,
            "val_loss": 0.5920148360378602,
            "accuracy": 0.6854558107167711,
            "precision": 0.6863033873343152,
            "recall": 0.6609929078014184,
            "f1_score": 0.6734104046242774
        },
        {
            "epoch": 12,
            "duration_s": 14.888527393341064,
            "train_loss": 0.5836838174469864,
            "val_loss": 0.5901394644204307,
            "accuracy": 0.6875434933890049,
            "precision": 0.686952288218111,
            "recall": 0.6671394799054373,
            "f1_score": 0.6769009354761334
        },
        {
            "epoch": 13,
            "duration_s": 14.846340656280518,
            "train_loss": 0.5823097572296481,
            "val_loss": 0.5887589323170045,
            "accuracy": 0.6912549292507539,
            "precision": 0.6956087824351297,
            "recall": 0.6591016548463356,
            "f1_score": 0.6768633163389172
        },
        {
            "epoch": 14,
            "duration_s": 14.96508240699768,
            "train_loss": 0.5799405869049362,
            "val_loss": 0.5889110832529909,
            "accuracy": 0.686151704940849,
            "precision": 0.6782039289055192,
            "recall": 0.6855791962174941,
            "f1_score": 0.6818716200329179
        },
        {
            "epoch": 15,
            "duration_s": 14.77602219581604,
            "train_loss": 0.5775496220286889,
            "val_loss": 0.5870537998921731,
            "accuracy": 0.6903270702853166,
            "precision": 0.6851851851851852,
            "recall": 0.6822695035460993,
            "f1_score": 0.683724235963042
        },
        {
            "epoch": 16,
            "duration_s": 14.602642059326172,
            "train_loss": 0.5759177160791203,
            "val_loss": 0.5856583065846387,
            "accuracy": 0.6912549292507539,
            "precision": 0.6938674579624134,
            "recall": 0.6633569739952718,
            "f1_score": 0.678269277254049
        },
        {
            "epoch": 17,
            "duration_s": 14.681840896606445,
            "train_loss": 0.5742832222316838,
            "val_loss": 0.5855567902326584,
            "accuracy": 0.689863140802598,
            "precision": 0.6829727187206021,
            "recall": 0.6865248226950355,
            "f1_score": 0.6847441641122376
        },
        {
            "epoch": 18,
            "duration_s": 14.922981262207031,
            "train_loss": 0.5722946373722221,
            "val_loss": 0.585175030371722,
            "accuracy": 0.689863140802598,
            "precision": 0.6893865628042843,
            "recall": 0.6695035460992907,
            "f1_score": 0.6792995922283521
        },
        {
            "epoch": 19,
            "duration_s": 14.683100461959839,
            "train_loss": 0.570811765480645,
            "val_loss": 0.5844956399763331,
            "accuracy": 0.6903270702853166,
            "precision": 0.693069306930693,
            "recall": 0.6619385342789598,
            "f1_score": 0.6771463119709794
        },
        {
            "epoch": 20,
            "duration_s": 14.828934907913208,