{
    "params": {
        "model_name": "baseline",
        "data_dir": "data/dataset",
        "batch_size": 256,
        "epochs": 40,
        "momentum": 0.9,
        "lr": 0.01,
        "weight_decay": 0.0001,
        "useCosineAnnealingLR": false,
        "warmup_epochs": 0,
        "warmup_lr_decay": 0,
        "label_smoothing": 0,
        "class_weights": [
            0.697,
            1.7689
        ],
        "n_data_workers": 10,
        "pin_memory": true,
        "cuda_force": true,
        "wandb_id": "wfu7uqli",
        "wandb_project": "LfI24",
        "safe_model": true,
        "safe_model_file": "drive/Othercomputers/pc/train/results/colab/bl_cw.pth",
        "safe_model_file_final": "drive/Othercomputers/pc/train/results/colab/bl_cw_final.pth"
    },
    "timestamp_start_utc": "2024-04-06 23:47:34",
    "duration_min": 17.266113658746082,
    "best_metrics": {
        "epoch": 8,
        "duration_s": 25.56163740158081,
        "train_loss": 0.5563491927725929,
        "val_loss": 0.512475581963857,
        "accuracy": 0.7655081967213114,
        "precision": 0.6113960113960114,
        "recall": 0.4924277191372189,
        "f1_score": 0.545500762582613
    },
    "log": [
        {
            "epoch": 1,
            "duration_s": 28.518186807632446,
            "train_loss": 0.6293107833181109,
            "val_loss": 0.5677344491084416,
            "accuracy": 0.7260327868852459,
            "precision": 0.5191652470187393,
            "recall": 0.5594309316200092,
            "f1_score": 0.5385464987850673
        },
        {
            "epoch": 2,
            "duration_s": 26.53727078437805,
            "train_loss": 0.5907616730247225,
            "val_loss": 0.5789639323949813,
            "accuracy": 0.7021639344262295,
            "precision": 0.48436437797416726,
            "recall": 0.6539697108765489,
            "f1_score": 0.556531927357938
        },
        {
            "epoch": 3,
            "duration_s": 25.486608505249023,
            "train_loss": 0.5790911551032748,
            "val_loss": 0.5882580240567525,
            "accuracy": 0.694688524590164,
            "precision": 0.47631160572337045,
            "recall": 0.687471317117944,
            "f1_score": 0.5627347858752818
        },
        {
            "epoch": 4,
            "duration_s": 25.807958126068115,
            "train_loss": 0.5678377119558198,
            "val_loss": 0.5526065607865651,
            "accuracy": 0.7419016393442623,
            "precision": 0.5427991886409737,
            "recall": 0.6140431390546122,
            "f1_score": 0.5762273901808785
        },
        {
            "epoch": 5,
            "duration_s": 25.74364185333252,
            "train_loss": 0.5630689776369504,
            "val_loss": 0.6309987857937813,
            "accuracy": 0.6407868852459017,
            "precision": 0.4291139240506329,
            "recall": 0.7778797613584213,
            "f1_score": 0.5531081742535487
        },
        {
            "epoch": 6,
            "duration_s": 25.610907793045044,
            "train_loss": 0.5608740491526467,
            "val_loss": 0.5643886655569077,
            "accuracy": 0.7252459016393442,
            "precision": 0.5149359886201992,
            "recall": 0.6645250114731528,
            "f1_score": 0.5802444399919857
        },
        {
            "epoch": 7,
            "duration_s": 25.73153853416443,
            "train_loss": 0.5572278644357409,
            "val_loss": 0.5471115072568258,
            "accuracy": 0.7424262295081967,
            "precision": 0.5427435387673957,
            "recall": 0.6264341441027994,
            "f1_score": 0.5815935236472093
        },
        {
            "epoch": 8,
            "duration_s": 25.56163740158081,
            "train_loss": 0.5563491927725929,
            "val_loss": 0.512475581963857,
            "accuracy": 0.7655081967213114,
            "precision": 0.6113960113960114,
            "recall": 0.4924277191372189,
            "f1_score": 0.545500762582613
        },
        {
            "epoch": 9,
            "duration_s": 25.65826940536499,
            "train_loss": 0.5590221462505204,
            "val_loss": 0.6006993263959884,
            "accuracy": 0.6734426229508197,
            "precision": 0.4549927641099855,
            "recall": 0.7214318494722349,
            "f1_score": 0.5580404685835995
        },
        {
            "epoch": 10,
            "duration_s": 25.793365716934204,
            "train_loss": 0.5548494513545718,
            "val_loss": 0.5482645352681478,
            "accuracy": 0.7369180327868853,
            "precision": 0.5336444963049397,
            "recall": 0.6296466268930702,
            "f1_score": 0.5776842105263158
        },
        {
            "epoch": 11,
            "duration_s": 25.651603937149048,
            "train_loss": 0.5517508981483323,
            "val_loss": 0.5296048492193222,
            "accuracy": 0.751344262295082,
            "precision": 0.5628051486906347,
            "recall": 0.5819183111519045,
            "f1_score": 0.572202166064982
        },
        {
            "epoch": 12,
            "duration_s": 25.592682600021362,
            "train_loss": 0.5486227286713464,
            "val_loss": 0.5503388414780299,
            "accuracy": 0.7357377049180328,
            "precision": 0.5327476038338658,
            "recall": 0.612207434603029,
            "f1_score": 0.5697202647875294
        },
        {
            "epoch": 13,
            "duration_s": 26.06606364250183,
            "train_loss": 0.5501941385013717,
            "val_loss": 0.5473382244507472,
            "accuracy": 0.7342950819672132,
            "precision": 0.5293215791490993,
            "recall": 0.6337769619091326,
            "f1_score": 0.576858813700919
        },
        {
            "epoch": 14,
            "duration_s": 26.067668676376343,
            "train_loss": 0.5472009912133217,
            "val_loss": 0.5190172672271729,
            "accuracy": 0.7572459016393442,
            "precision": 0.577140169332079,
            "recall": 0.5631023405231758,
            "f1_score": 0.570034843205575
        },
        {
            "epoch": 15,
            "duration_s": 25.639366626739502,
            "train_loss": 0.5480403893760273,
            "val_loss": 0.5331347078084946,
            "accuracy": 0.7518688524590164,
            "precision": 0.5639768167632635,
            "recall": 0.5805415328132171,
            "f1_score": 0.5721393034825871
        },
        {
            "epoch": 16,
            "duration_s": 25.74036455154419,
            "train_loss": 0.548021397633212,
            "val_loss": 0.5125738501548767,
            "accuracy": 0.761311475409836,
            "precision": 0.5892590750870214,
            "recall": 0.5438274437815511,
            "f1_score": 0.5656324582338901
        },
        {
            "epoch": 17,
            "duration_s": 26.05672574043274,
            "train_loss": 0.5469393870660237,
            "val_loss": 0.546899821360906,
            "accuracy": 0.7344262295081967,
            "precision": 0.5295471987720645,
            "recall": 0.6333180357962368,
            "f1_score": 0.5768025078369906
        },
        {
            "epoch": 18,
            "duration_s": 25.535515546798706,
            "train_loss": 0.5455344985638346,
            "val_loss": 0.5627329121033351,
            "accuracy": 0.7167213114754099,
            "precision": 0.5033652143110167,
            "recall": 0.6521340064249656,
            "f1_score": 0.568172730907637
        },
        {
            "epoch": 19,
            "duration_s": 25.573442220687866,
            "train_loss": 0.5443419780050005,
            "val_loss": 0.5363290319840114,
            "accuracy": 0.7388852459016394,
            "precision": 0.5400340715502555,
            "recall": 0.5819183111519045,
            "f1_score": 0.5601943892202341
        },
        {
            "epoch": 20,