{
    "params": {
        "model_name": "baseline",
        "data_dir": "data/dataset_us",
        "batch_size": 128,
        "epochs": 50,
        "momentum": 0.9,
        "lr": 0.01,
        "weight_decay": 0.0001,
        "useCosineAnnealingLR": true,
        "warmup_epochs": 5,
        "warmup_lr_decay": 0.01,
        "label_smoothing": 0.1,
        "class_weights": null,
        "n_data_workers": 10,
        "pin_memory": true,
        "cuda_force": true,
        "wandb_id": "lorscl5v",
        "wandb_project": "LfI24",
        "safe_model": true,
        "safe_model_file": "drive/Othercomputers/pc/train/results/colab/bl_enhanced_2_us.pth",
        "safe_model_file_final": "drive/Othercomputers/pc/train/results/colab/bl_enhanced_2_us_final.pth"
    },
    "timestamp_start_utc": "2024-04-07 02:25:25",
    "duration_min": 12.37507898012797,
    "best_metrics": {
        "epoch": 16,
        "duration_s": 14.758079051971436,
        "train_loss": 0.5688050196895117,
        "val_loss": 0.6198204554179135,
        "accuracy": 0.6838320575272558,
        "precision": 0.7303921568627451,
        "recall": 0.5635933806146572,
        "f1_score": 0.6362423271950894
    },
    "log": [
        {
            "epoch": 1,
            "duration_s": 14.955859422683716,
            "train_loss": 0.6927636031863056,
            "val_loss": 0.688272609430201,
            "accuracy": 0.5495244722802134,
            "precision": 0.5386333184457347,
            "recall": 0.5702127659574469,
            "f1_score": 0.5539733578318787
        },
        {
            "epoch": 2,
            "duration_s": 14.832937955856323,
            "train_loss": 0.663907445684264,
            "val_loss": 0.644184492966708,
            "accuracy": 0.6467176989097657,
            "precision": 0.637546468401487,
            "recall": 0.6486997635933807,
            "f1_score": 0.6430747597843919
        },
        {
            "epoch": 3,
            "duration_s": 14.806236743927002,
            "train_loss": 0.6355755623382858,
            "val_loss": 0.6233460105517331,
            "accuracy": 0.6754813268383206,
            "precision": 0.6898197242841994,
            "recall": 0.6151300236406619,
            "f1_score": 0.6503374156460885
        },
        {
            "epoch": 4,
            "duration_s": 14.622183084487915,
            "train_loss": 0.6174388999425913,
            "val_loss": 0.6116046405890408,
            "accuracy": 0.6854558107167711,
            "precision": 0.6850316918576305,
            "recall": 0.6643026004728132,
            "f1_score": 0.6745079212674028
        },
        {
            "epoch": 5,
            "duration_s": 14.812114000320435,
            "train_loss": 0.6036623848389976,
            "val_loss": 0.6076235297848197,
            "accuracy": 0.6863836696822083,
            "precision": 0.700262467191601,
            "recall": 0.6307328605200946,
            "f1_score": 0.6636815920398009
        },
        {
            "epoch": 6,
            "duration_s": 14.853745698928833,
            "train_loss": 0.5963035146646862,
            "val_loss": 0.6100073684664333,
            "accuracy": 0.6764091858037579,
            "precision": 0.656385751520417,
            "recall": 0.7144208037825059,
            "f1_score": 0.6841747792619425
        },
        {
            "epoch": 7,
            "duration_s": 14.66063642501831,
            "train_loss": 0.5895664982403381,
            "val_loss": 0.6057383356725469,
            "accuracy": 0.6875434933890049,
            "precision": 0.6902874132804757,
            "recall": 0.658628841607565,
            "f1_score": 0.6740866198887007
        },
        {
            "epoch": 8,
            "duration_s": 14.838303804397583,
            "train_loss": 0.5844721680955042,
            "val_loss": 0.606154624153586,
            "accuracy": 0.6866156344235677,
            "precision": 0.6937119675456389,
            "recall": 0.6468085106382979,
            "f1_score": 0.6694396868118424
        },
        {
            "epoch": 9,
            "duration_s": 14.918936491012573,
            "train_loss": 0.5811288039895552,
            "val_loss": 0.6052395929308498,
            "accuracy": 0.6873115286476456,
            "precision": 0.6930045294413689,
            "recall": 0.6510638297872341,
            "f1_score": 0.6713798147245247
        },
        {
            "epoch": 10,
            "duration_s": 14.6919584274292,
            "train_loss": 0.5776780157149592,
            "val_loss": 0.6082258242018083,
            "accuracy": 0.6791927627000696,
            "precision": 0.6742857142857143,
            "recall": 0.6695035460992907,
            "f1_score": 0.6718861209964413
        },
        {
            "epoch": 11,
            "duration_s": 14.857242107391357,
            "train_loss": 0.5756397413302071,
            "val_loss": 0.6098036748521468,
            "accuracy": 0.6910229645093946,
            "precision": 0.7238421955403087,
            "recall": 0.5985815602836879,
            "f1_score": 0.65527950310559
        },
        {
            "epoch": 12,
            "duration_s": 14.816859006881714,
            "train_loss": 0.5716058992886845,
            "val_loss": 0.6137456990340177,
            "accuracy": 0.6778009742519137,
            "precision": 0.6576889661164205,
            "recall": 0.715839243498818,
            "f1_score": 0.6855331673081277
        },
        {
            "epoch": 13,
            "duration_s": 14.644245147705078,
            "train_loss": 0.5728346577173546,
            "val_loss": 0.6145419268047109,
            "accuracy": 0.6747854326142426,
            "precision": 0.6554731792411688,
            "recall": 0.7106382978723405,
            "f1_score": 0.6819419237749547
        },
        {
            "epoch": 14,
            "duration_s": 14.633087396621704,
            "train_loss": 0.5725958190764053,
            "val_loss": 0.6118795056553448,
            "accuracy": 0.6819763395963814,
            "precision": 0.69375,
            "recall": 0.6297872340425532,
            "f1_score": 0.6602230483271375
        },
        {
            "epoch": 15,
            "duration_s": 15.010759115219116,
            "train_loss": 0.5696937090988401,
            "val_loss": 0.6121606388512779,
            "accuracy": 0.6824402690790999,
            "precision": 0.6812439261418853,
            "recall": 0.6628841607565011,
            "f1_score": 0.6719386532470645
        },
        {
            "epoch": 16,
            "duration_s": 14.758079051971436,
            "train_loss": 0.5688050196895117,
            "val_loss": 0.6198204554179135,
            "accuracy": 0.6838320575272558,
            "precision": 0.7303921568627451,
            "recall": 0.5635933806146572,
            "f1_score": 0.6362423271950894
        },
        {
            "epoch": 17,
            "duration_s": 14.913564443588257,
            "train_loss": 0.569778905261921,
            "val_loss": 0.6144730913288453,
            "accuracy": 0.6796566921827882,
            "precision": 0.6762728146013448,
            "recall": 0.6657210401891253,
            "f1_score": 0.6709554443650226
        },
        {
            "epoch": 18,
            "duration_s": 14.999840259552002,
            "train_loss": 0.5667670629447019,
            "val_loss": 0.6156958972706514,
            "accuracy": 0.6794247274414289,
            "precision": 0.6702275894101254,
            "recall": 0.6822695035460993,
            "f1_score": 0.676194939081537
        },
        {
            "epoch": 19,
            "duration_s": 14.79967451095581,
            "train_loss": 0.5670186828208875,
            "val_loss": 0.6168945773559458,
            "accuracy": 0.6819763395963814,
            "precision": 0.6968253968253968,
            "recall": 0.6226950354609929,
            "f1_score": 0.6576779026217229
        },
        {
            "epoch": 20,