{
    "params": {
        "model_name": "baseline",
        "data_dir": "data/dataset",
        "batch_size": 256,
        "epochs": 35,
        "momentum": 0.9,
        "lr": 0.01,
        "weight_decay": 0.0001,
        "useCosineAnnealingLR": true,
        "warmup_epochs": 5,
        "warmup_lr_decay": 0.01,
        "label_smoothing": 0.1,
        "class_weights": null,
        "n_data_workers": 10,
        "pin_memory": true,
        "cuda_force": true,
        "wandb_id": "m2mz8wz0",
        "wandb_project": "LfI24",
        "safe_model": true,
        "safe_model_file": "drive/Othercomputers/pc/train/results/colab/bl_enhanced_2.pth",
        "safe_model_file_final": "drive/Othercomputers/pc/train/results/colab/bl_enhanced_2_final.pth"
    },
    "timestamp_start_utc": "2024-04-07 00:39:58",
    "duration_min": 15.172446350256601,
    "best_metrics": {
        "epoch": 4,
        "duration_s": 26.21245002746582,
        "train_loss": 0.5550099057810647,
        "val_loss": 0.5585184574127198,
        "accuracy": 0.7505573770491804,
        "precision": 0.7879417879417879,
        "recall": 0.1739329967875172,
        "f1_score": 0.2849624060150376
    },
    "log": [
        {
            "epoch": 1,
            "duration_s": 25.83982014656067,
            "train_loss": 0.6446706922990936,
            "val_loss": 0.6256859262784322,
            "accuracy": 0.7142295081967213,
            "precision": 0.5,
            "recall": 0.0004589261128958238,
            "f1_score": 0.0009170105456212747
        },
        {
            "epoch": 2,
            "duration_s": 25.78666043281555,
            "train_loss": 0.5976579695940017,
            "val_loss": 0.5891334325075149,
            "accuracy": 0.7327213114754099,
            "precision": 0.722397476340694,
            "recall": 0.10509407985314365,
            "f1_score": 0.18349358974358976
        },
        {
            "epoch": 3,
            "duration_s": 25.98616337776184,
            "train_loss": 0.5713980093598365,
            "val_loss": 0.572093798716863,
            "accuracy": 0.7447868852459016,
            "precision": 0.7382413087934561,
            "recall": 0.16567232675539237,
            "f1_score": 0.27061469265367316
        },
        {
            "epoch": 4,
            "duration_s": 26.21245002746582,
            "train_loss": 0.5550099057810647,
            "val_loss": 0.5585184574127198,
            "accuracy": 0.7505573770491804,
            "precision": 0.7879417879417879,
            "recall": 0.1739329967875172,
            "f1_score": 0.2849624060150376
        },
        {
            "epoch": 5,
            "duration_s": 25.87662935256958,
            "train_loss": 0.544323353256498,
            "val_loss": 0.550093200802803,
            "accuracy": 0.7575081967213114,
            "precision": 0.6793478260869565,
            "recall": 0.28682882055988984,
            "f1_score": 0.4033559212649241
        },
        {
            "epoch": 6,
            "duration_s": 25.751370191574097,
            "train_loss": 0.5375288241675922,
            "val_loss": 0.5430054724216461,
            "accuracy": 0.7681311475409837,
            "precision": 0.7431952662721893,
            "recall": 0.28820559889857733,
            "f1_score": 0.41534391534391535
        },
        {
            "epoch": 7,
            "duration_s": 25.912479877471924,
            "train_loss": 0.5383248463273048,
            "val_loss": 0.5442999641100565,
            "accuracy": 0.7719344262295081,
            "precision": 0.6851851851851852,
            "recall": 0.37356585589720054,
            "f1_score": 0.4835164835164835
        },
        {
            "epoch": 8,
            "duration_s": 26.143370628356934,
            "train_loss": 0.5347228848508426,
            "val_loss": 0.5414877484242121,
            "accuracy": 0.7731147540983606,
            "precision": 0.7092264678471575,
            "recall": 0.3492427719137219,
            "f1_score": 0.468019680196802
        },
        {
            "epoch": 9,
            "duration_s": 25.858601570129395,
            "train_loss": 0.5263700406466212,
            "val_loss": 0.5390352775653203,
            "accuracy": 0.7739016393442623,
            "precision": 0.7611940298507462,
            "recall": 0.30426801284993116,
            "f1_score": 0.43475409836065576
        },
        {
            "epoch": 10,
            "duration_s": 25.922524452209473,
            "train_loss": 0.5240781794701304,
            "val_loss": 0.5409660786390305,
            "accuracy": 0.771016393442623,
            "precision": 0.7730138713745272,
            "recall": 0.28132170720514,
            "f1_score": 0.41251682368775244
        },
        {
            "epoch": 11,
            "duration_s": 25.67446804046631,
            "train_loss": 0.5231905771153313,
            "val_loss": 0.5368079443772634,
            "accuracy": 0.7745573770491804,
            "precision": 0.7286282306163022,
            "recall": 0.3363928407526388,
            "f1_score": 0.46028257456828886
        },
        {
            "epoch": 12,
            "duration_s": 25.9300217628479,
            "train_loss": 0.5208850988319942,
            "val_loss": 0.5366110304991404,
            "accuracy": 0.7756065573770492,
            "precision": 0.7526997840172787,
            "recall": 0.31987150068838915,
            "f1_score": 0.44895330112721415
        },
        {
            "epoch": 13,
            "duration_s": 26.03248357772827,
            "train_loss": 0.526844448702676,
            "val_loss": 0.5354921907186508,
            "accuracy": 0.776,
            "precision": 0.688550840672538,
            "recall": 0.39467645709040844,
            "f1_score": 0.5017502917152858
        },
        {
            "epoch": 14,
            "duration_s": 25.850388288497925,
            "train_loss": 0.5218145904796464,
            "val_loss": 0.5349893341461818,
            "accuracy": 0.7763934426229508,
            "precision": 0.7104795737122558,
            "recall": 0.36714089031665903,
            "f1_score": 0.4841149773071104
        },
        {
            "epoch": 15,
            "duration_s": 25.601749181747437,
            "train_loss": 0.5185960252370153,
            "val_loss": 0.5375260651111603,
            "accuracy": 0.7761311475409836,
            "precision": 0.7260536398467433,
            "recall": 0.3478659935750344,
            "f1_score": 0.47036922122246355
        },
        {
            "epoch": 16,
            "duration_s": 26.128803253173828,
            "train_loss": 0.5257422496165548,
            "val_loss": 0.5381545374790827,
            "accuracy": 0.7758688524590164,
            "precision": 0.6652601969057665,
            "recall": 0.4341441027994493,
            "f1_score": 0.5254096084420995
        },
        {
            "epoch": 17,
            "duration_s": 25.94036316871643,
            "train_loss": 0.5228166003312383,
            "val_loss": 0.5385216871897379,
            "accuracy": 0.7761311475409836,
            "precision": 0.7593406593406593,
            "recall": 0.31711794401101423,
            "f1_score": 0.44739397863386204
        },
        {
            "epoch": 18,
            "duration_s": 26.10161519050598,
            "train_loss": 0.5217371144465037,
            "val_loss": 0.5377957761287689,
            "accuracy": 0.7758688524590164,
            "precision": 0.6661951909476662,
            "recall": 0.432308398347866,
            "f1_score": 0.5243529084330643
        },
        {
            "epoch": 19,
            "duration_s": 26.007306575775146,
            "train_loss": 0.5219457528420857,
            "val_loss": 0.5384832680225372,
            "accuracy": 0.7748196721311476,
            "precision": 0.6862903225806452,
            "recall": 0.390546122074346,
            "f1_score": 0.4978063761333723
        },
        {
            "epoch": 20,
            "duration_s": 26.183802366256714,