{
    "params": {
        "model_name": "baseline",
        "data_dir": "data/dataset",
        "batch_size": 256,
        "epochs": 30,
        "momentum": 0.9,
        "lr": 0.01,
        "weight_decay": 0.0001,
        "useCosineAnnealingLR": true,
        "warmup_epochs": 5,
        "warmup_lr_decay": 0.01,
        "label_smoothing": 0.1,
        "class_weights": [
            1.0,
            1.8
        ],
        "n_data_workers": 10,
        "pin_memory": true,
        "cuda_force": true,
        "wandb_id": "wzu3e0jr",
        "wandb_project": "LfI24",
        "safe_model": true,
        "safe_model_file": "drive/Othercomputers/pc/train/results/colab/bl_enhanced_2_cw2.pth",
        "safe_model_file_final": "drive/Othercomputers/pc/train/results/colab/bl_enhanced_2_cw2_final.pth"
    },
    "timestamp_start_utc": "2024-04-07 00:16:23",
    "duration_min": 12.913677601019542,
    "best_metrics": {
        "epoch": 8,
        "duration_s": 25.88767123222351,
        "train_loss": 0.5993145287036896,
        "val_loss": 0.5774962524573009,
        "accuracy": 0.7731147540983606,
        "precision": 0.6345116836428999,
        "recall": 0.4860027535566774,
        "f1_score": 0.5504158004158005
    },
    "log": [
        {
            "epoch": 1,
            "duration_s": 26.2281277179718,
            "train_loss": 0.698008696947779,
            "val_loss": 0.6797578155994415,
            "accuracy": 0.6818360655737705,
            "precision": 0.3811357074109721,
            "recall": 0.18173474070674622,
            "f1_score": 0.2461155997513984
        },
        {
            "epoch": 2,
            "duration_s": 25.89572286605835,
            "train_loss": 0.6682633072137832,
            "val_loss": 0.6365289251009624,
            "accuracy": 0.7144918032786886,
            "precision": 0.5006002400960384,
            "recall": 0.382744378155117,
            "f1_score": 0.4338101430429128
        },
        {
            "epoch": 3,
            "duration_s": 25.797600507736206,
            "train_loss": 0.64292517048972,
            "val_loss": 0.6198617299397786,
            "accuracy": 0.7257704918032787,
            "precision": 0.5202391904323828,
            "recall": 0.5190454336851766,
            "f1_score": 0.5196416264645073
        },
        {
            "epoch": 4,
            "duration_s": 25.60210371017456,
            "train_loss": 0.6258681390966688,
            "val_loss": 0.6008864770332972,
            "accuracy": 0.7586885245901639,
            "precision": 0.6040515653775322,
            "recall": 0.4515832950894906,
            "f1_score": 0.5168067226890756
        },
        {
            "epoch": 5,
            "duration_s": 26.147117376327515,
            "train_loss": 0.6157705502850669,
            "val_loss": 0.6014731059471766,
            "accuracy": 0.7529180327868853,
            "precision": 0.5719863347974622,
            "recall": 0.5378614043139055,
            "f1_score": 0.554399243140965
        },
        {
            "epoch": 6,
            "duration_s": 25.545289993286133,
            "train_loss": 0.6086302425180162,
            "val_loss": 0.5920587927103043,
            "accuracy": 0.7565901639344262,
            "precision": 0.5768681580199905,
            "recall": 0.5562184488297384,
            "f1_score": 0.5663551401869159
        },
        {
            "epoch": 7,
            "duration_s": 25.6758131980896,
            "train_loss": 0.6036511110407966,
            "val_loss": 0.5976665814717611,
            "accuracy": 0.7504262295081967,
            "precision": 0.5594315245478036,
            "recall": 0.5961450206516751,
            "f1_score": 0.5772050655409908
        },
        {
            "epoch": 8,
            "duration_s": 25.88767123222351,
            "train_loss": 0.5993145287036896,
            "val_loss": 0.5774962524573009,
            "accuracy": 0.7731147540983606,
            "precision": 0.6345116836428999,
            "recall": 0.4860027535566774,
            "f1_score": 0.5504158004158005
        },
        {
            "epoch": 9,
            "duration_s": 25.758170127868652,
            "train_loss": 0.5995229836021151,
            "val_loss": 0.5852718899647394,
            "accuracy": 0.7615737704918033,
            "precision": 0.5855045002368545,
            "recall": 0.5672326755392382,
            "f1_score": 0.5762237762237762
        },
        {
            "epoch": 10,
            "duration_s": 25.853144884109497,
            "train_loss": 0.596564678634916,
            "val_loss": 0.6183834811051686,
            "accuracy": 0.711344262295082,
            "precision": 0.49632598530394123,
            "recall": 0.6819642037631941,
            "f1_score": 0.5745215542238546
        },
        {
            "epoch": 11,
            "duration_s": 25.652524948120117,
            "train_loss": 0.5950448031936373,
            "val_loss": 0.6000527093807856,
            "accuracy": 0.7404590163934426,
            "precision": 0.5402576489533011,
            "recall": 0.6158788435061955,
            "f1_score": 0.5755951104439202
        },
        {
            "epoch": 12,
            "duration_s": 25.910812854766846,
            "train_loss": 0.5919383334262031,
            "val_loss": 0.579433387517929,
            "accuracy": 0.7664262295081967,
            "precision": 0.610066371681416,
            "recall": 0.5061955025240936,
            "f1_score": 0.5532982192124405
        },
        {
            "epoch": 13,
            "duration_s": 25.5178005695343,
            "train_loss": 0.5909845777920314,
            "val_loss": 0.5798303484916687,
            "accuracy": 0.7665573770491804,
            "precision": 0.6014234875444839,
            "recall": 0.5429095915557596,
            "f1_score": 0.5706705258080077
        },
        {
            "epoch": 14,
            "duration_s": 26.322202682495117,
            "train_loss": 0.588544385773795,
            "val_loss": 0.5948733359575271,
            "accuracy": 0.7407213114754099,
            "precision": 0.5394223263075723,
            "recall": 0.6342358880220285,
            "f1_score": 0.5829993672221051
        },
        {
            "epoch": 15,
            "duration_s": 25.892956256866455,
            "train_loss": 0.5870857860360826,
            "val_loss": 0.5879349003235499,
            "accuracy": 0.7551475409836066,
            "precision": 0.571889400921659,
            "recall": 0.5695273061037173,
            "f1_score": 0.5707059094044608
        },
        {
            "epoch": 16,
            "duration_s": 25.76253056526184,
            "train_loss": 0.5911304427044732,
            "val_loss": 0.6018392622470856,
            "accuracy": 0.7328524590163934,
            "precision": 0.5275835275835276,
            "recall": 0.6232216613125287,
            "f1_score": 0.5714285714285714
        },
        {
            "epoch": 17,
            "duration_s": 26.20559811592102,
            "train_loss": 0.5895670260701861,
            "val_loss": 0.6114885489145915,
            "accuracy": 0.7240655737704919,
            "precision": 0.5134553283100107,
            "recall": 0.6567232675539239,
            "f1_score": 0.576318968989126
        },
        {
            "epoch": 18,
            "duration_s": 26.17775321006775,
            "train_loss": 0.5868118273360389,
            "val_loss": 0.5866349130868912,
            "accuracy": 0.7615737704918033,
            "precision": 0.588523786169691,
            "recall": 0.5507113354749885,
            "f1_score": 0.5689900426742532
        },
        {
            "epoch": 19,
            "duration_s": 25.735985279083252,
            "train_loss": 0.5869926559073585,
            "val_loss": 0.5860350131988525,
            "accuracy": 0.7560655737704918,
            "precision": 0.5759885659838018,
            "recall": 0.5548416704910509,