{
    "params": {
        "model_name": "baseline",
        "data_dir": "data/dataset",
        "batch_size": 256,
        "epochs": 40,
        "momentum": 0.9,
        "lr": 0.01,
        "weight_decay": 0.0001,
        "useCosineAnnealingLR": true,
        "warmup_epochs": 5,
        "warmup_lr_decay": 0.01,
        "label_smoothing": 0.1,
        "class_weights": [
            0.697,
            1.7689
        ],
        "n_data_workers": 10,
        "pin_memory": true,
        "cuda_force": true,
        "wandb_id": "yaf1utog",
        "wandb_project": "LfI24",
        "safe_model": true,
        "safe_model_file": "drive/Othercomputers/pc/train/results/colab/bl_enhanced_2_cw.pth",
        "safe_model_file_final": "drive/Othercomputers/pc/train/results/colab/bl_enhanced_2_cw_final.pth"
    },
    "timestamp_start_utc": "2024-04-06 23:09:44",
    "duration_min": 17.00884365240733,
    "best_metrics": {
        "epoch": 17,
        "duration_s": 25.32945990562439,
        "train_loss": 0.6039391670908246,
        "val_loss": 0.6177753825982412,
        "accuracy": 0.7502950819672131,
        "precision": 0.5601224311324879,
        "recall": 0.5878843506195502,
        "f1_score": 0.573667711598746
    },
    "log": [
        {
            "epoch": 1,
            "duration_s": 29.418265104293823,
            "train_loss": 0.7120208953108106,
            "val_loss": 0.7308818439642588,
            "accuracy": 0.4577049180327869,
            "precision": 0.3006522625356706,
            "recall": 0.67691601652134,
            "f1_score": 0.4163726182074806
        },
        {
            "epoch": 2,
            "duration_s": 26.0561683177948,
            "train_loss": 0.6809312901326589,
            "val_loss": 0.6893614917993546,
            "accuracy": 0.6334426229508197,
            "precision": 0.4115958668197474,
            "recall": 0.6581000458926113,
            "f1_score": 0.5064453469892284
        },
        {
            "epoch": 3,
            "duration_s": 25.473809242248535,
            "train_loss": 0.6546238418136324,
            "val_loss": 0.6738757898410161,
            "accuracy": 0.6580983606557377,
            "precision": 0.43771827706635624,
            "recall": 0.6902248737953189,
            "f1_score": 0.5357079252003561
        },
        {
            "epoch": 4,
            "duration_s": 25.501490116119385,
            "train_loss": 0.6378246009349823,
            "val_loss": 0.6580568333466847,
            "accuracy": 0.6869508196721311,
            "precision": 0.4675405742821473,
            "recall": 0.687471317117944,
            "f1_score": 0.5565669700910272
        },
        {
            "epoch": 5,
            "duration_s": 25.222189903259277,
            "train_loss": 0.6266888052225112,
            "val_loss": 0.6750066250562667,
            "accuracy": 0.6384262295081967,
            "precision": 0.4251295336787565,
            "recall": 0.7530977512620468,
            "f1_score": 0.5434674615002484
        },
        {
            "epoch": 6,
            "duration_s": 25.355817317962646,
            "train_loss": 0.6217649906873703,
            "val_loss": 0.6649121085802714,
            "accuracy": 0.6558688524590164,
            "precision": 0.4397508800433252,
            "recall": 0.7452960073428178,
            "f1_score": 0.553133514986376
        },
        {
            "epoch": 7,
            "duration_s": 25.240097522735596,
            "train_loss": 0.6195137998887471,
            "val_loss": 0.6521325975656509,
            "accuracy": 0.6878688524590164,
            "precision": 0.47015147015147013,
            "recall": 0.726480036714089,
            "f1_score": 0.570861882437793
        },
        {
            "epoch": 8,
            "duration_s": 25.19985032081604,
            "train_loss": 0.613907071522304,
            "val_loss": 0.6343299696842829,
            "accuracy": 0.7167213114754099,
            "precision": 0.5033228401538999,
            "recall": 0.6603946764570904,
            "f1_score": 0.5712584358872568
        },
        {
            "epoch": 9,
            "duration_s": 25.622434854507446,
            "train_loss": 0.6106716419969286,
            "val_loss": 0.6258983463048935,
            "accuracy": 0.740983606557377,
            "precision": 0.5421836228287841,
            "recall": 0.6016521340064249,
            "f1_score": 0.5703719817272135
        },
        {
            "epoch": 10,
            "duration_s": 25.46598172187805,
            "train_loss": 0.6099650255271367,
            "val_loss": 0.6423293948173523,
            "accuracy": 0.7016393442622951,
            "precision": 0.4845659163987138,
            "recall": 0.6916016521340064,
            "f1_score": 0.5698619776895443
        },
        {
            "epoch": 11,
            "duration_s": 25.36819291114807,
            "train_loss": 0.607242111648832,
            "val_loss": 0.6218455950419108,
            "accuracy": 0.7401967213114754,
            "precision": 0.5402112103980503,
            "recall": 0.6103717301514456,
            "f1_score": 0.5731523378582201
        },
        {
            "epoch": 12,
            "duration_s": 25.299808740615845,
            "train_loss": 0.6042791651827949,
            "val_loss": 0.6276909351348877,
            "accuracy": 0.736,
            "precision": 0.5323208722741433,
            "recall": 0.6273519963285911,
            "f1_score": 0.575942700653044
        },
        {
            "epoch": 13,
            "duration_s": 25.372759580612183,
            "train_loss": 0.6018221024956022,
            "val_loss": 0.6163176039854685,
            "accuracy": 0.7502950819672131,
            "precision": 0.5589369909987141,
            "recall": 0.5984396512161542,
            "f1_score": 0.5780141843971631
        },
        {
            "epoch": 14,
            "duration_s": 25.156143188476562,
            "train_loss": 0.6036571047135761,
            "val_loss": 0.6394582182168961,
            "accuracy": 0.7084590163934427,
            "precision": 0.4927200529450695,
            "recall": 0.6833409821018815,
            "f1_score": 0.5725821957315901
        },
        {
            "epoch": 15,
            "duration_s": 25.66923475265503,
            "train_loss": 0.6027015136820929,
            "val_loss": 0.6325677623351414,
            "accuracy": 0.7228852459016394,
            "precision": 0.511727078891258,
            "recall": 0.6608536025699863,
            "f1_score": 0.5768075305427599
        },
        {
            "epoch": 16,
            "duration_s": 25.72592782974243,
            "train_loss": 0.6010498187371662,
            "val_loss": 0.648683629433314,
            "accuracy": 0.6881311475409836,
            "precision": 0.46974764366068716,
            "recall": 0.7090408444240477,
            "f1_score": 0.5651060716898317
        },
        {
            "epoch": 17,
            "duration_s": 25.32945990562439,
            "train_loss": 0.6039391670908246,
            "val_loss": 0.6177753825982412,
            "accuracy": 0.7502950819672131,
            "precision": 0.5601224311324879,
            "recall": 0.5878843506195502,
            "f1_score": 0.573667711598746
        },
        {
            "epoch": 18,
            "duration_s": 25.214672803878784,
            "train_loss": 0.6027834326028824,
            "val_loss": 0.6432554443677266,
            "accuracy": 0.6980983606557377,
            "precision": 0.4802947773149632,
            "recall": 0.6879302432308398,
            "f1_score": 0.5656603773584906
        },
        {
            "epoch": 19,
            "duration_s": 25.270111799240112,
            "train_loss": 0.6006061404943466,
            "val_loss": 0.6350123345851898,
            "accuracy": 0.7190819672131148,
            "precision": 0.5065579581708614,
            "recall": 0.6558054153281322,
            "f1_score": 0.5716
        },
        {
            "epoch": 20,