{
    "params": {
        "model_name": "baseline",
        "data_dir": "data/dataset_us",
        "batch_size": 32,
        "epochs": 50,
        "momentum": 0.9,
        "lr": 0.01,
        "weight_decay": 0.0001,
        "useCosineAnnealingLR": true,
        "warmup_epochs": 5,
        "warmup_lr_decay": 0.01,
        "label_smoothing": 0.1,
        "class_weights": null,
        "n_data_workers": 10,
        "pin_memory": true,
        "cuda_force": true,
        "wandb_id": "brppiv69",
        "wandb_project": "LfI24",
        "safe_model": true,
        "safe_model_file": "drive/Othercomputers/pc/train/results/colab/bl_enhanced_2_bs64_us.pth",
        "safe_model_file_final": "drive/Othercomputers/pc/train/results/colab/bl_enhanced_2_bs64_us_final.pth"
    },
    "timestamp_start_utc": "2024-04-07 02:38:06",
    "duration_min": 13.59577675263087,
    "best_metrics": {
        "epoch": 7,
        "duration_s": 16.234260082244873,
        "train_loss": 0.6007405235202589,
        "val_loss": 0.6660121637362021,
        "accuracy": 0.6740895383901647,
        "precision": 0.7929042904290429,
        "recall": 0.45437352245862883,
        "f1_score": 0.577697625488428
    },
    "log": [
        {
            "epoch": 1,
            "duration_s": 16.472692251205444,
            "train_loss": 0.689155397240801,
            "val_loss": 0.6778138637542724,
            "accuracy": 0.5912781257248898,
            "precision": 0.5773105562855891,
            "recall": 0.6231678486997636,
            "f1_score": 0.5993633469758981
        },
        {
            "epoch": 2,
            "duration_s": 16.300153493881226,
            "train_loss": 0.6424948294515261,
            "val_loss": 0.6194496516828184,
            "accuracy": 0.6771050800278358,
            "precision": 0.6794044665012406,
            "recall": 0.6472813238770686,
            "f1_score": 0.6629539951573848
        },
        {
            "epoch": 3,
            "duration_s": 16.29622459411621,
            "train_loss": 0.6168495259338039,
            "val_loss": 0.6122417796541143,
            "accuracy": 0.6775690095105544,
            "precision": 0.656994369857081,
            "recall": 0.7172576832151301,
            "f1_score": 0.6858047016274865
        },
        {
            "epoch": 4,
            "duration_s": 16.326391220092773,
            "train_loss": 0.6035683298148866,
            "val_loss": 0.6105234108589314,
            "accuracy": 0.6829041985618186,
            "precision": 0.671875,
            "recall": 0.6912529550827423,
            "f1_score": 0.681426240969471
        },
        {
            "epoch": 5,
            "duration_s": 16.332479238510132,
            "train_loss": 0.6025476747078433,
            "val_loss": 0.6159629064577598,
            "accuracy": 0.6900951055439574,
            "precision": 0.721937321937322,
            "recall": 0.5990543735224586,
            "f1_score": 0.6547803617571059
        },
        {
            "epoch": 6,
            "duration_s": 16.150928020477295,
            "train_loss": 0.5977866825883074,
            "val_loss": 0.6189029305069534,
            "accuracy": 0.6826722338204593,
            "precision": 0.681047018904508,
            "recall": 0.6643026004728132,
            "f1_score": 0.6725706079463859
        },
        {
            "epoch": 7,
            "duration_s": 16.234260082244873,
            "train_loss": 0.6007405235202589,
            "val_loss": 0.6660121637362021,
            "accuracy": 0.6740895383901647,
            "precision": 0.7929042904290429,
            "recall": 0.45437352245862883,
            "f1_score": 0.577697625488428
        },
        {
            "epoch": 8,
            "duration_s": 16.443458557128906,
            "train_loss": 0.5987956440031813,
            "val_loss": 0.636565300822258,
            "accuracy": 0.6631871955462769,
            "precision": 0.6347013409183259,
            "recall": 0.7385342789598108,
            "f1_score": 0.6826923076923077
        },
        {
            "epoch": 9,
            "duration_s": 16.29258942604065,
            "train_loss": 0.5934105540591696,
            "val_loss": 0.6250838266478644,
            "accuracy": 0.6812804453723034,
            "precision": 0.6698762035763411,
            "recall": 0.6907801418439716,
            "f1_score": 0.6801675977653631
        },
        {
            "epoch": 10,
            "duration_s": 16.278366804122925,
            "train_loss": 0.5931265926038897,
            "val_loss": 0.6317417886522081,
            "accuracy": 0.6819763395963814,
            "precision": 0.7026143790849673,
            "recall": 0.6099290780141844,
            "f1_score": 0.6529992406985573
        },
        {
            "epoch": 11,
            "duration_s": 16.20663356781006,
            "train_loss": 0.5933202281475826,
            "val_loss": 0.6294413994859767,
            "accuracy": 0.6829041985618186,
            "precision": 0.682439024390244,
            "recall": 0.6614657210401891,
            "f1_score": 0.6717887154861945
        },
        {
            "epoch": 12,
            "duration_s": 16.43359613418579,
            "train_loss": 0.5916061248328235,
            "val_loss": 0.6396855656747464,
            "accuracy": 0.6682904198561819,
            "precision": 0.6418219461697723,
            "recall": 0.7328605200945626,
            "f1_score": 0.684326710816777
        },
        {
            "epoch": 13,
            "duration_s": 16.32282280921936,
            "train_loss": 0.5880077604459086,
            "val_loss": 0.6369510694786354,
            "accuracy": 0.6745534678728833,
            "precision": 0.673828125,
            "recall": 0.6524822695035462,
            "f1_score": 0.6629834254143646
        },
        {
            "epoch": 14,
            "duration_s": 16.270693063735962,
            "train_loss": 0.5911148384284518,
            "val_loss": 0.6402363395249402,
            "accuracy": 0.6824402690790999,
            "precision": 0.7311028500619579,
            "recall": 0.557919621749409,
            "f1_score": 0.6328774470367391
        },
        {
            "epoch": 15,
            "duration_s": 16.285213708877563,
            "train_loss": 0.5898773052355064,
            "val_loss": 0.6353877319229974,
            "accuracy": 0.6798886569241476,
            "precision": 0.6996197718631179,
            "recall": 0.608983451536643,
            "f1_score": 0.6511627906976745
        },
        {
            "epoch": 16,
            "duration_s": 16.450659036636353,
            "train_loss": 0.587309205333076,
            "val_loss": 0.6333813280970962,
            "accuracy": 0.6810484806309441,
            "precision": 0.6833498513379583,
            "recall": 0.6520094562647755,
            "f1_score": 0.6673118799903218
        },
        {
            "epoch": 17,
            "duration_s": 16.29502534866333,
            "train_loss": 0.5885854143122232,
            "val_loss": 0.6367319564024607,
            "accuracy": 0.6784968684759917,
            "precision": 0.6946075814201815,
            "recall": 0.6151300236406619,
            "f1_score": 0.6524573721163491
        },
        {
            "epoch": 18,
            "duration_s": 16.163642406463623,
            "train_loss": 0.5871233200515207,
            "val_loss": 0.6373897481847692,
            "accuracy": 0.6722338204592901,
            "precision": 0.6598360655737705,
            "recall": 0.6851063829787234,
            "f1_score": 0.6722338204592901
        },
        {
            "epoch": 19,
            "duration_s": 16.336812496185303,
            "train_loss": 0.5858818469346991,
            "val_loss": 0.6427752916459684,
            "accuracy": 0.6808165158895848,
            "precision": 0.7349014621741895,
            "recall": 0.5465721040189125,
            "f1_score": 0.6268980477223428
        },
        {
            "epoch": 20,