{
    "params": {
        "model_name": "baseline",
        "data_dir": "data/dataset_us",
        "batch_size": 128,
        "epochs": 30,
        "momentum": 0.9,
        "lr": 0.1,
        "weight_decay": 2e-05,
        "useCosineAnnealingLR": true,
        "warmup_epochs": 5,
        "warmup_lr_decay": 0.01,
        "label_smoothing": 0.1,
        "class_weights": null,
        "n_data_workers": 10,
        "pin_memory": true,
        "cuda_force": true,
        "wandb_id": "oiyjolon",
        "wandb_project": "LfI24",
        "safe_model": true,
        "safe_model_file": "drive/Othercomputers/pc/train/results/colab/bl_enhanced_1_us.pth",
        "safe_model_file_final": "drive/Othercomputers/pc/train/results/colab/bl_enhanced_1_us_final.pth"
    },
    "timestamp_start_utc": "2024-04-07 02:17:24",
    "duration_min": 7.344921584924062,
    "best_metrics": {
        "epoch": 12,
        "duration_s": 14.648276329040527,
        "train_loss": 0.629810332497464,
        "val_loss": 0.7212074153563556,
        "accuracy": 0.6636511250289956,
        "precision": 0.7628458498023716,
        "recall": 0.4562647754137116,
        "f1_score": 0.5710059171597635
    },
    "log": [
        {
            "epoch": 1,
            "duration_s": 17.45047163963318,
            "train_loss": 0.6781725691089148,
            "val_loss": 0.6607152407660204,
            "accuracy": 0.6137787056367432,
            "precision": 0.5892149088025377,
            "recall": 0.7026004728132388,
            "f1_score": 0.64093163683416
        },
        {
            "epoch": 2,
            "duration_s": 14.607970476150513,
            "train_loss": 0.6255625659906412,
            "val_loss": 0.6096485274679521,
            "accuracy": 0.6824402690790999,
            "precision": 0.6810679611650485,
            "recall": 0.6633569739952718,
            "f1_score": 0.6720958083832336
        },
        {
            "epoch": 3,
            "duration_s": 14.60672116279602,
            "train_loss": 0.619745105127745,
            "val_loss": 0.624107779825435,
            "accuracy": 0.6824402690790999,
            "precision": 0.7340025094102886,
            "recall": 0.5531914893617021,
            "f1_score": 0.6308978161229442
        },
        {
            "epoch": 4,
            "duration_s": 14.583761215209961,
            "train_loss": 0.612237748088716,
            "val_loss": 0.6408816900323419,
            "accuracy": 0.6580839712363721,
            "precision": 0.6329323931978432,
            "recall": 0.7215130023640662,
            "f1_score": 0.6743261157755193
        },
        {
            "epoch": 5,
            "duration_s": 14.60610556602478,
            "train_loss": 0.6182592794110503,
            "val_loss": 0.6417496476103278,
            "accuracy": 0.678728833217351,
            "precision": 0.6854674796747967,
            "recall": 0.6378250591016549,
            "f1_score": 0.6607886358070046
        },
        {
            "epoch": 6,
            "duration_s": 14.575465679168701,
            "train_loss": 0.6398274559008924,
            "val_loss": 0.67442728053121,
            "accuracy": 0.6829041985618186,
            "precision": 0.7454068241469817,
            "recall": 0.5371158392434988,
            "f1_score": 0.6243473481725749
        },
        {
            "epoch": 7,
            "duration_s": 14.478098630905151,
            "train_loss": 0.6490853900396372,
            "val_loss": 0.6716413822244195,
            "accuracy": 0.6678264903734632,
            "precision": 0.6852957135105806,
            "recall": 0.5971631205673759,
            "f1_score": 0.6382011116725619
        },
        {
            "epoch": 8,
            "duration_s": 14.517638683319092,
            "train_loss": 0.6517764013024825,
            "val_loss": 0.6716845158268424,
            "accuracy": 0.6717698909765716,
            "precision": 0.6732673267326733,
            "recall": 0.6430260047281324,
            "f1_score": 0.6577992744860943
        },
        {
            "epoch": 9,
            "duration_s": 14.58731722831726,
            "train_loss": 0.6511419264576103,
            "val_loss": 0.671590606079382,
            "accuracy": 0.666898631408026,
            "precision": 0.6599152143193594,
            "recall": 0.6624113475177305,
            "f1_score": 0.6611609249646059
        },
        {
            "epoch": 10,
            "duration_s": 14.640507221221924,
            "train_loss": 0.6274539558570597,
            "val_loss": 0.6813553992439719,
            "accuracy": 0.6573880770122942,
            "precision": 0.6559139784946236,
            "recall": 0.6345153664302601,
            "f1_score": 0.6450372506608988
        },
        {
            "epoch": 11,
            "duration_s": 14.62491488456726,
            "train_loss": 0.6204203174838537,
            "val_loss": 0.6798759392079186,
            "accuracy": 0.6701461377870563,
            "precision": 0.6981132075471698,
            "recall": 0.577304964539007,
            "f1_score": 0.6319875776397516
        },
        {
            "epoch": 12,
            "duration_s": 14.648276329040527,
            "train_loss": 0.629810332497464,
            "val_loss": 0.7212074153563556,
            "accuracy": 0.6636511250289956,
            "precision": 0.7628458498023716,
            "recall": 0.4562647754137116,
            "f1_score": 0.5710059171597635
        },
        {
            "epoch": 13,
            "duration_s": 14.730854272842407,
            "train_loss": 0.6221676846093769,
            "val_loss": 0.688251974828103,
            "accuracy": 0.646949663651125,
            "precision": 0.6174257425742574,
            "recall": 0.7371158392434988,
            "f1_score": 0.6719827586206897
        },
        {
            "epoch": 14,
            "duration_s": 14.693166732788086,
            "train_loss": 0.6153214017424402,
            "val_loss": 0.6718364165109747,
            "accuracy": 0.667594525632104,
            "precision": 0.6909294512877939,
            "recall": 0.583451536643026,
            "f1_score": 0.6326582927454498
        },
        {
            "epoch": 15,
            "duration_s": 14.622704982757568,
            "train_loss": 0.6212154992773563,
            "val_loss": 0.6793586331255296,
            "accuracy": 0.6534446764091858,
            "precision": 0.6246487354476113,
            "recall": 0.7356973995271867,
            "f1_score": 0.6756404689535388
        },
        {
            "epoch": 16,
            "duration_s": 14.541296243667603,
            "train_loss": 0.6038493346187133,
            "val_loss": 0.7144173085689545,
            "accuracy": 0.6641150545117143,
            "precision": 0.759937646141855,
            "recall": 0.46099290780141844,
            "f1_score": 0.5738669805768098
        },
        {
            "epoch": 17,
            "duration_s": 14.444767475128174,
            "train_loss": 0.602795004467421,
            "val_loss": 0.7111802749774035,
            "accuracy": 0.6318719554627696,
            "precision": 0.5885311871227364,
            "recall": 0.8297872340425532,
            "f1_score": 0.6886403766921719
        },
        {
            "epoch": 18,
            "duration_s": 14.696394681930542,
            "train_loss": 0.5975147983695888,
            "val_loss": 0.6823833619847017,
            "accuracy": 0.6613314776154025,
            "precision": 0.7170311464546058,
            "recall": 0.5115839243498818,
            "f1_score": 0.597130242825607
        },
        {
            "epoch": 19,
            "duration_s": 14.564643621444702,
            "train_loss": 0.5993003541532951,
            "val_loss": 0.6580927854075151,
            "accuracy": 0.6733936441660867,
            "precision": 0.7073313782991202,
            "recall": 0.5702127659574469,
            "f1_score": 0.631413612565445
        },
        {
            "epoch": 20,