{
    "params": {
        "model_name": "resnet50_2fc",
        "data_dir": "data/dataset",
        "batch_size": 256,
        "epochs": 35,
        "momentum": 0.9,
        "lr": 0.01,
        "weight_decay": 0.0001,
        "useCosineAnnealingLR": true,
        "warmup_epochs": 5,
        "warmup_lr_decay": 0.01,
        "label_smoothing": 0.1,
        "class_weights": [
            0.697,
            1.7689
        ],
        "n_data_workers": 10,
        "pin_memory": true,
        "cuda_force": true,
        "wandb_id": "03icamlx",
        "wandb_project": "LfI24",
        "safe_model": true,
        "safe_model_file": "drive/Othercomputers/pc/train/results/colab/resnet50_2fc_2_cw.pth",
        "safe_model_file_final": ""
    },
    "timestamp_start_utc": "2024-04-06 22:48:01",
    "duration_min": 14.777035208543142,
    "best_metrics": {
        "epoch": 21,
        "duration_s": 25.328222513198853,
        "train_loss": 0.5265429185969489,
        "val_loss": 0.6125162810087204,
        "accuracy": 0.7585573770491804,
        "precision": 0.5943080357142857,
        "recall": 0.4887563102340523,
        "f1_score": 0.5363888189372954
    },
    "log": [
        {
            "epoch": 1,
            "duration_s": 28.907965183258057,
            "train_loss": 0.7092508320297514,
            "val_loss": 0.7295439203580221,
            "accuracy": 0.3938360655737705,
            "precision": 0.2932114440494329,
            "recall": 0.7948600275355667,
            "f1_score": 0.42839475636903285
        },
        {
            "epoch": 2,
            "duration_s": 26.028717756271362,
            "train_loss": 0.6999327736241477,
            "val_loss": 0.7292555888493856,
            "accuracy": 0.43291803278688523,
            "precision": 0.3201408686902566,
            "recall": 0.8760899495181276,
            "f1_score": 0.4689265536723164
        },
        {
            "epoch": 3,
            "duration_s": 25.261770486831665,
            "train_loss": 0.6803473830223083,
            "val_loss": 0.6987001578013102,
            "accuracy": 0.5980327868852459,
            "precision": 0.3868743615934627,
            "recall": 0.695273061037173,
            "f1_score": 0.49712879409351923
        },
        {
            "epoch": 4,
            "duration_s": 25.13875150680542,
            "train_loss": 0.6551663896867207,
            "val_loss": 0.6683388392130534,
            "accuracy": 0.6761967213114755,
            "precision": 0.45373324824505423,
            "recall": 0.6525929325378614,
            "f1_score": 0.5352907961603613
        },
        {
            "epoch": 5,
            "duration_s": 24.96418786048889,
            "train_loss": 0.6355090618133545,
            "val_loss": 0.6479921708504359,
            "accuracy": 0.7046557377049181,
            "precision": 0.4876145232439769,
            "recall": 0.6594768242312987,
            "f1_score": 0.5606710885680842
        },
        {
            "epoch": 6,
            "duration_s": 25.77495288848877,
            "train_loss": 0.6223880031279155,
            "val_loss": 0.6555981645981471,
            "accuracy": 0.681311475409836,
            "precision": 0.462323626538577,
            "recall": 0.7067462138595686,
            "f1_score": 0.558983666061706
        },
        {
            "epoch": 7,
            "duration_s": 24.71786856651306,
            "train_loss": 0.6128427309649331,
            "val_loss": 0.6303056895732879,
            "accuracy": 0.7342950819672132,
            "precision": 0.5296396745447501,
            "recall": 0.6273519963285911,
            "f1_score": 0.5743697478991596
        },
        {
            "epoch": 8,
            "duration_s": 25.208900928497314,
            "train_loss": 0.606535442173481,
            "val_loss": 0.613693219423294,
            "accuracy": 0.7564590163934426,
            "precision": 0.5767397521448999,
            "recall": 0.5553005966039468,
            "f1_score": 0.5658171615618425
        },
        {
            "epoch": 9,
            "duration_s": 25.18166184425354,
            "train_loss": 0.5986225128173828,
            "val_loss": 0.6448976755142212,
            "accuracy": 0.7041311475409836,
            "precision": 0.48755253798900744,
            "recall": 0.6920605782469023,
            "f1_score": 0.5720789074355084
        },
        {
            "epoch": 10,
            "duration_s": 25.05589509010315,
            "train_loss": 0.5921498196465629,
            "val_loss": 0.6367574880520502,
            "accuracy": 0.716983606557377,
            "precision": 0.5036144578313253,
            "recall": 0.6714089031665902,
            "f1_score": 0.575531077891424
        },
        {
            "epoch": 11,
            "duration_s": 25.248652696609497,
            "train_loss": 0.5868831872940063,
            "val_loss": 0.623399140437444,
            "accuracy": 0.7419016393442623,
            "precision": 0.5426262626262627,
            "recall": 0.6163377696190914,
            "f1_score": 0.5771379458530297
        },
        {
            "epoch": 12,
            "duration_s": 25.060672521591187,
            "train_loss": 0.5798336335590908,
            "val_loss": 0.6105833252271017,
            "accuracy": 0.7617049180327868,
            "precision": 0.5881207400194742,
            "recall": 0.5543827443781552,
            "f1_score": 0.5707536026458776
        },
        {
            "epoch": 13,
            "duration_s": 24.62317180633545,
            "train_loss": 0.5737668778215136,
            "val_loss": 0.6321484516064326,
            "accuracy": 0.7226229508196721,
            "precision": 0.5117907148120855,
            "recall": 0.6374483708122992,
            "f1_score": 0.5677498467198039
        },
        {
            "epoch": 14,
            "duration_s": 25.311319589614868,
            "train_loss": 0.5652124668870654,
            "val_loss": 0.6110464831193289,
            "accuracy": 0.7626229508196721,
            "precision": 0.5937023869984764,
            "recall": 0.536484625975218,
            "f1_score": 0.5636451301832208
        },
        {
            "epoch": 15,
            "duration_s": 25.20143413543701,
            "train_loss": 0.5633900770119258,
            "val_loss": 0.6813765386740367,
            "accuracy": 0.6428852459016393,
            "precision": 0.43039918116683723,
            "recall": 0.7719137218907756,
            "f1_score": 0.5526531953343191
        },
        {
            "epoch": 16,
            "duration_s": 24.961435794830322,
            "train_loss": 0.5537055707403592,
            "val_loss": 0.6565573980410894,
            "accuracy": 0.6794754098360656,
            "precision": 0.45983631403455594,
            "recall": 0.6961909132629647,
            "f1_score": 0.5538517707192405
        },
        {
            "epoch": 17,
            "duration_s": 25.227038383483887,
            "train_loss": 0.5485736318996974,
            "val_loss": 0.6838810414075851,
            "accuracy": 0.6417049180327868,
            "precision": 0.42860831396849985,
            "recall": 0.7618173474070674,
            "f1_score": 0.5485789821546595
        },
        {
            "epoch": 18,
            "duration_s": 25.12674355506897,
            "train_loss": 0.5394060315830367,
            "val_loss": 0.619014157851537,
            "accuracy": 0.7487213114754099,
            "precision": 0.5568034557235421,
            "recall": 0.5915557595227169,
            "f1_score": 0.5736537605696485
        },
        {
            "epoch": 19,
            "duration_s": 25.08443331718445,
            "train_loss": 0.5327414797885077,
            "val_loss": 0.6662212262550989,
            "accuracy": 0.672,
            "precision": 0.45394736842105265,
            "recall": 0.7283157411656723,
            "f1_score": 0.5592951541850221
        },
        {
            "epoch": 20,
            "duration_s": 25.245638608932495,