{
    "params": {
        "model_name": "resnet50_lay4",
        "data_dir": "data/dataset_us",
        "batch_size": 128,
        "epochs": 50,
        "momentum": 0.9,
        "lr": 0.01,
        "weight_decay": 0.0001,
        "useCosineAnnealingLR": true,
        "warmup_epochs": 5,
        "warmup_lr_decay": 0.01,
        "label_smoothing": 0.1,
        "class_weights": null,
        "n_data_workers": 10,
        "pin_memory": true,
        "cuda_force": true,
        "wandb_id": "kp1pspld",
        "wandb_project": "LfI24",
        "safe_model": true,
        "safe_model_file": "drive/Othercomputers/pc/train/results/colab/rn50_uf4_2_us.pth",
        "safe_model_file_final": "drive/Othercomputers/pc/train/results/colab/rn50_uf4_2_us_final.pth"
    },
    "timestamp_start_utc": "2024-04-07 10:51:41",
    "duration_min": 12.474111247062684,
    "best_metrics": {
        "epoch": 3,
        "duration_s": 15.0407395362854,
        "train_loss": 0.5589877295343182,
        "val_loss": 0.5405998168622747,
        "accuracy": 0.7603804221758292,
        "precision": 0.8235645933014354,
        "recall": 0.6510638297872341,
        "f1_score": 0.7272247161341432
    },
    "log": [
        {
            "epoch": 1,
            "duration_s": 18.018808841705322,
            "train_loss": 0.6907242385646964,
            "val_loss": 0.6858568962882546,
            "accuracy": 0.5604268151241011,
            "precision": 0.55,
            "recall": 0.5721040189125296,
            "f1_score": 0.5608342989571264
        },
        {
            "epoch": 2,
            "duration_s": 14.766185998916626,
            "train_loss": 0.6486560317534434,
            "val_loss": 0.6044925977202023,
            "accuracy": 0.7012294131292044,
            "precision": 0.7195963887413701,
            "recall": 0.640661938534279,
            "f1_score": 0.6778389194597297
        },
        {
            "epoch": 3,
            "duration_s": 15.0407395362854,
            "train_loss": 0.5589877295343182,
            "val_loss": 0.5405998168622747,
            "accuracy": 0.7603804221758292,
            "precision": 0.8235645933014354,
            "recall": 0.6510638297872341,
            "f1_score": 0.7272247161341432
        },
        {
            "epoch": 4,
            "duration_s": 14.857278823852539,
            "train_loss": 0.5070783339346512,
            "val_loss": 0.5290240101954516,
            "accuracy": 0.7691950823474831,
            "precision": 0.7910602910602911,
            "recall": 0.7196217494089835,
            "f1_score": 0.7536518940331766
        },
        {
            "epoch": 5,
            "duration_s": 14.97335958480835,
            "train_loss": 0.4594551326730583,
            "val_loss": 0.5323158642824959,
            "accuracy": 0.7682672233820459,
            "precision": 0.805921052631579,
            "recall": 0.6950354609929078,
            "f1_score": 0.7463823305407463
        },
        {
            "epoch": 6,
            "duration_s": 14.94933795928955,
            "train_loss": 0.38202825961988185,
            "val_loss": 0.5852917590562035,
            "accuracy": 0.7592205984690327,
            "precision": 0.77019568489714,
            "recall": 0.7257683215130024,
            "f1_score": 0.7473222979552092
        },
        {
            "epoch": 7,
            "duration_s": 14.791261911392212,
            "train_loss": 0.272978531691847,
            "val_loss": 0.6502556870965397,
            "accuracy": 0.7550452331245651,
            "precision": 0.784524449220849,
            "recall": 0.6903073286052009,
            "f1_score": 0.7344064386317908
        },
        {
            "epoch": 8,
            "duration_s": 15.020339488983154,
            "train_loss": 0.2289969478792782,
            "val_loss": 0.6387363120036966,
            "accuracy": 0.7531895151936906,
            "precision": 0.7776016904384575,
            "recall": 0.6959810874704492,
            "f1_score": 0.7345309381237525
        },
        {
            "epoch": 9,
            "duration_s": 14.735225439071655,
            "train_loss": 0.21502926030868216,
            "val_loss": 0.6279757864335004,
            "accuracy": 0.7575968452795175,
            "precision": 0.7640671273445212,
            "recall": 0.7319148936170212,
            "f1_score": 0.7476454962569427
        },
        {
            "epoch": 10,
            "duration_s": 14.999658584594727,
            "train_loss": 0.21093441960932333,
            "val_loss": 0.6175207723589504,
            "accuracy": 0.7527255857109719,
            "precision": 0.7525276841598459,
            "recall": 0.7390070921985815,
            "f1_score": 0.745706106870229
        },
        {
            "epoch": 11,
            "duration_s": 14.875545501708984,
            "train_loss": 0.2083905525033987,
            "val_loss": 0.6129791719072005,
            "accuracy": 0.7550452331245651,
            "precision": 0.7607090103397341,
            "recall": 0.7304964539007093,
            "f1_score": 0.7452966714905934
        },
        {
            "epoch": 12,
            "duration_s": 14.703284978866577,
            "train_loss": 0.20729828908850875,
            "val_loss": 0.6132284753462848,
            "accuracy": 0.7490141498492229,
            "precision": 0.7401208740120874,
            "recall": 0.7527186761229314,
            "f1_score": 0.7463666197843412
        },
        {
            "epoch": 13,
            "duration_s": 14.949591398239136,
            "train_loss": 0.205546288833588,
            "val_loss": 0.6088063252322814,
            "accuracy": 0.7504059382973788,
            "precision": 0.7515738498789346,
            "recall": 0.733806146572104,
            "f1_score": 0.7425837320574162
        },
        {
            "epoch": 14,
            "duration_s": 14.990264177322388,
            "train_loss": 0.20578530411931534,
            "val_loss": 0.6103333611698711,
            "accuracy": 0.7596845279517513,
            "precision": 0.7759590792838875,
            "recall": 0.7172576832151301,
            "f1_score": 0.7454545454545455
        },
        {
            "epoch": 15,
            "duration_s": 14.949796676635742,
            "train_loss": 0.20555590055411374,
            "val_loss": 0.6057016560259987,
            "accuracy": 0.7573648805381582,
            "precision": 0.7626535626535627,
            "recall": 0.733806146572104,
            "f1_score": 0.7479518072289157
        },
        {
            "epoch": 16,
            "duration_s": 14.823371648788452,
            "train_loss": 0.20449607074260712,
            "val_loss": 0.6059163878945744,
            "accuracy": 0.7580607747622361,
            "precision": 0.7632612966601179,
            "recall": 0.7347517730496453,
            "f1_score": 0.7487352445193929
        },
        {
            "epoch": 17,
            "duration_s": 14.767354249954224,
            "train_loss": 0.2046838888450514,
            "val_loss": 0.599784800234963,
            "accuracy": 0.7599164926931107,
            "precision": 0.7694610778443114,
            "recall": 0.7290780141843972,
            "f1_score": 0.7487254187909687
        },
        {
            "epoch": 18,
            "duration_s": 14.818882942199707,
            "train_loss": 0.20396327302802966,
            "val_loss": 0.6044823176720563,
            "accuracy": 0.7661795407098121,
            "precision": 0.790856542301629,
            "recall": 0.7115839243498818,
            "f1_score": 0.7491289198606272
        },
        {
            "epoch": 19,
            "duration_s": 14.787001848220825,
            "train_loss": 0.20364394953733758,
            "val_loss": 0.5991469937212327,
            "accuracy": 0.7627000695894224,
            "precision": 0.7808641975308642,
            "recall": 0.7177304964539007,
            "f1_score": 0.7479674796747968
        },
        {
            "epoch": 20,