{
    "params": {
        "model_name": "resnet50_lay34",
        "data_dir": "data/dataset_us",
        "batch_size": 128,
        "epochs": 50,
        "momentum": 0.9,
        "lr": 0.0005,
        "weight_decay": 0.0001,
        "useCosineAnnealingLR": true,
        "warmup_epochs": 5,
        "warmup_lr_decay": 0.01,
        "label_smoothing": 0.1,
        "class_weights": null,
        "n_data_workers": 10,
        "pin_memory": true,
        "cuda_force": true,
        "wandb_id": "g3kow597",
        "wandb_project": "LfI24",
        "safe_model": true,
        "safe_model_file": "drive/Othercomputers/pc/train/results/colab/rn50_uf34_4_us.pth",
        "safe_model_file_final": "drive/Othercomputers/pc/train/results/colab/rn50_uf34_4_us_final.pth"
    },
    "timestamp_start_utc": "2024-04-07 12:36:56",
    "duration_min": 15.233886682987213,
    "best_metrics": {
        "epoch": 20,
        "duration_s": 18.22231435775757,
        "train_loss": 0.4445880796713165,
        "val_loss": 0.5120309030308443,
        "accuracy": 0.7886801206216655,
        "precision": 0.8363128491620112,
        "recall": 0.7078014184397163,
        "f1_score": 0.7667093469910372
    },
    "log": [
        {
            "epoch": 1,
            "duration_s": 18.41440200805664,
            "train_loss": 0.6965435275548622,
            "val_loss": 0.6966034103842342,
            "accuracy": 0.5059151009046625,
            "precision": 0.49278152069297404,
            "recall": 0.242080378250591,
            "f1_score": 0.32466708941027267
        },
        {
            "epoch": 2,
            "duration_s": 18.27595353126526,
            "train_loss": 0.6915802084192445,
            "val_loss": 0.687748802058837,
            "accuracy": 0.5481326838320575,
            "precision": 0.5424073133570341,
            "recall": 0.5049645390070922,
            "f1_score": 0.5230166503428012
        },
        {
            "epoch": 3,
            "duration_s": 18.275455474853516,
            "train_loss": 0.6816914134387728,
            "val_loss": 0.675408645587809,
            "accuracy": 0.5933658083971236,
            "precision": 0.5764358108108109,
            "recall": 0.6453900709219859,
            "f1_score": 0.6089672094579524
        },
        {
            "epoch": 4,
            "duration_s": 18.1561279296875,
            "train_loss": 0.6690808127198038,
            "val_loss": 0.6608054427539601,
            "accuracy": 0.627000695894224,
            "precision": 0.6205420827389444,
            "recall": 0.6170212765957447,
            "f1_score": 0.6187766714082504
        },
        {
            "epoch": 5,
            "duration_s": 18.148515462875366,
            "train_loss": 0.6542631689506241,
            "val_loss": 0.6424823736443239,
            "accuracy": 0.6501971700301554,
            "precision": 0.649581074420897,
            "recall": 0.6231678486997636,
            "f1_score": 0.6361003861003861
        },
        {
            "epoch": 6,
            "duration_s": 18.431851387023926,
            "train_loss": 0.6301699231697034,
            "val_loss": 0.61153263204238,
            "accuracy": 0.6961261888192994,
            "precision": 0.7073673364245234,
            "recall": 0.6491725768321513,
            "f1_score": 0.6770216962524654
        },
        {
            "epoch": 7,
            "duration_s": 18.351240158081055,
            "train_loss": 0.5923609929748729,
            "val_loss": 0.5734579992644927,
            "accuracy": 0.7383437717466945,
            "precision": 0.7692307692307693,
            "recall": 0.6666666666666666,
            "f1_score": 0.7142857142857142
        },
        {
            "epoch": 8,
            "duration_s": 18.180094718933105,
            "train_loss": 0.5538258588389505,
            "val_loss": 0.5499189408386455,
            "accuracy": 0.7490141498492229,
            "precision": 0.7959885386819484,
            "recall": 0.6567375886524822,
            "f1_score": 0.7196891191709844
        },
        {
            "epoch": 9,
            "duration_s": 18.201871633529663,
            "train_loss": 0.5333209811132166,
            "val_loss": 0.5393769294023514,
            "accuracy": 0.7652516817443749,
            "precision": 0.8146035367940673,
            "recall": 0.675177304964539,
            "f1_score": 0.7383660806618407
        },
        {
            "epoch": 10,
            "duration_s": 18.330127954483032,
            "train_loss": 0.5200115034851847,
            "val_loss": 0.5316161145182217,
            "accuracy": 0.771282765019717,
            "precision": 0.8223872073101085,
            "recall": 0.6808510638297872,
            "f1_score": 0.7449560269011899
        },
        {
            "epoch": 11,
            "duration_s": 18.38981056213379,
            "train_loss": 0.508607998113089,
            "val_loss": 0.525564573266927,
            "accuracy": 0.7768499188123406,
            "precision": 0.8284900284900285,
            "recall": 0.6874704491725768,
            "f1_score": 0.751421188630491
        },
        {
            "epoch": 12,
            "duration_s": 18.4189395904541,
            "train_loss": 0.4984865731830838,
            "val_loss": 0.5220172974993201,
            "accuracy": 0.7784736720018557,
            "precision": 0.826944757609921,
            "recall": 0.6936170212765957,
            "f1_score": 0.7544355875546411
        },
        {
            "epoch": 13,
            "duration_s": 18.337732791900635,
            "train_loss": 0.4900991684651073,
            "val_loss": 0.5190002777997185,
            "accuracy": 0.7819531431222454,
            "precision": 0.8324844368986983,
            "recall": 0.6955082742316785,
            "f1_score": 0.7578567748583204
        },
        {
            "epoch": 14,
            "duration_s": 18.26314401626587,
            "train_loss": 0.4826084315022336,
            "val_loss": 0.5176740464042214,
            "accuracy": 0.7814892136395268,
            "precision": 0.8114710568242167,
            "recall": 0.7224586288416076,
            "f1_score": 0.7643821910955478
        },
        {
            "epoch": 15,
            "duration_s": 18.081074476242065,
            "train_loss": 0.47585593560073947,
            "val_loss": 0.5143062051604775,
            "accuracy": 0.7865924379494317,
            "precision": 0.8343592613318411,
            "recall": 0.7049645390070922,
            "f1_score": 0.7642234751409535
        },
        {
            "epoch": 16,
            "duration_s": 18.18867778778076,
            "train_loss": 0.4694826872665671,
            "val_loss": 0.5130386256119784,
            "accuracy": 0.7872883321735096,
            "precision": 0.8269650655021834,
            "recall": 0.7163120567375887,
            "f1_score": 0.7676716493539396
        },
        {
            "epoch": 17,
            "duration_s": 18.22016668319702,
            "train_loss": 0.4629309699882435,
            "val_loss": 0.5121798506554436,
            "accuracy": 0.7875202969148689,
            "precision": 0.8303030303030303,
            "recall": 0.7125295508274232,
            "f1_score": 0.7669211195928753
        },
        {
            "epoch": 18,
            "duration_s": 18.522947072982788,
            "train_loss": 0.4556476554915875,
            "val_loss": 0.5116507323349223,
            "accuracy": 0.7914636975179773,
            "precision": 0.8362831858407079,
            "recall": 0.7148936170212766,
            "f1_score": 0.7708386438949784
        },
        {
            "epoch": 19,
            "duration_s": 18.058134078979492,
            "train_loss": 0.4502539649794373,
            "val_loss": 0.5124966975520638,
            "accuracy": 0.7893760148457435,
            "precision": 0.8151436031331593,
            "recall": 0.7380614657210401,
            "f1_score": 0.7746898263027294
        },
        {
            "epoch": 20,