{
    "params": {
        "model_name": "resnet50_lay34",
        "data_dir": "data/dataset_us",
        "batch_size": 128,
        "epochs": 50,
        "momentum": 0.9,
        "lr": 0.01,
        "weight_decay": 0.0001,
        "useCosineAnnealingLR": true,
        "warmup_epochs": 5,
        "warmup_lr_decay": 0.01,
        "label_smoothing": 0.1,
        "class_weights": null,
        "n_data_workers": 10,
        "pin_memory": true,
        "cuda_force": true,
        "wandb_id": "dhxxlh9x",
        "wandb_project": "LfI24",
        "safe_model": true,
        "safe_model_file": "drive/Othercomputers/pc/train/results/colab/rn50_uf34_2_us.pth",
        "safe_model_file_final": "drive/Othercomputers/pc/train/results/colab/rn50_uf34_2_us_final.pth"
    },
    "timestamp_start_utc": "2024-04-07 12:05:55",
    "duration_min": 15.096138159434,
    "best_metrics": {
        "epoch": 3,
        "duration_s": 17.879312753677368,
        "train_loss": 0.5263498161412492,
        "val_loss": 0.5120797201114542,
        "accuracy": 0.7907678032938993,
        "precision": 0.8323287671232876,
        "recall": 0.7182033096926714,
        "f1_score": 0.7710659898477158
    },
    "log": [
        {
            "epoch": 1,
            "duration_s": 18.20552897453308,
            "train_loss": 0.6957961400098438,
            "val_loss": 0.6872735391644871,
            "accuracy": 0.5513801902110879,
            "precision": 0.5382017728999577,
            "recall": 0.6028368794326241,
            "f1_score": 0.5686886708296165
        },
        {
            "epoch": 2,
            "duration_s": 18.333746671676636,
            "train_loss": 0.6478165855890587,
            "val_loss": 0.5763061335858177,
            "accuracy": 0.7292971468336813,
            "precision": 0.7556634304207119,
            "recall": 0.6624113475177305,
            "f1_score": 0.7059712773998489
        },
        {
            "epoch": 3,
            "duration_s": 17.879312753677368,
            "train_loss": 0.5263498161412492,
            "val_loss": 0.5120797201114542,
            "accuracy": 0.7907678032938993,
            "precision": 0.8323287671232876,
            "recall": 0.7182033096926714,
            "f1_score": 0.7710659898477158
        },
        {
            "epoch": 4,
            "duration_s": 18.16502332687378,
            "train_loss": 0.4687069609195371,
            "val_loss": 0.5022780939060099,
            "accuracy": 0.7958710276038042,
            "precision": 0.8279341476367499,
            "recall": 0.7371158392434988,
            "f1_score": 0.7798899449724861
        },
        {
            "epoch": 5,
            "duration_s": 18.18008589744568,
            "train_loss": 0.4074420463058013,
            "val_loss": 0.528285834719153,
            "accuracy": 0.7865924379494317,
            "precision": 0.7790751985053713,
            "recall": 0.7886524822695036,
            "f1_score": 0.7838345864661656
        },
        {
            "epoch": 6,
            "duration_s": 18.22663903236389,
            "train_loss": 0.30338987632642817,
            "val_loss": 0.5952136174720877,
            "accuracy": 0.7694270470888425,
            "precision": 0.7431670281995661,
            "recall": 0.8099290780141843,
            "f1_score": 0.7751131221719456
        },
        {
            "epoch": 7,
            "duration_s": 18.054969549179077,
            "train_loss": 0.23239909074729,
            "val_loss": 0.6028095943962827,
            "accuracy": 0.7840408257944792,
            "precision": 0.8281596452328159,
            "recall": 0.7063829787234043,
            "f1_score": 0.7624393978055627
        },
        {
            "epoch": 8,
            "duration_s": 17.93694257736206,
            "train_loss": 0.21306629903331586,
            "val_loss": 0.5771814654855167,
            "accuracy": 0.7840408257944792,
            "precision": 0.7962962962962963,
            "recall": 0.7522458628841607,
            "f1_score": 0.7736445416970581
        },
        {
            "epoch": 9,
            "duration_s": 18.289972066879272,
            "train_loss": 0.20762280157849758,
            "val_loss": 0.5737246792106068,
            "accuracy": 0.7870563674321504,
            "precision": 0.7859531772575251,
            "recall": 0.7777777777777778,
            "f1_score": 0.7818441064638784
        },
        {
            "epoch": 10,
            "duration_s": 18.044960021972656,
            "train_loss": 0.20593573596281342,
            "val_loss": 0.5738825561369166,
            "accuracy": 0.7877522616562282,
            "precision": 0.8128258602711157,
            "recall": 0.7371158392434988,
            "f1_score": 0.7731217455988098
        },
        {
            "epoch": 11,
            "duration_s": 17.846925020217896,
            "train_loss": 0.20497250849310356,
            "val_loss": 0.5656482121523689,
            "accuracy": 0.7872883321735096,
            "precision": 0.7939156035328754,
            "recall": 0.7650118203309693,
            "f1_score": 0.779195762099687
        },
        {
            "epoch": 12,
            "duration_s": 18.193791151046753,
            "train_loss": 0.20521158960801136,
            "val_loss": 0.5645698116106146,
            "accuracy": 0.7863604732080723,
            "precision": 0.7867435158501441,
            "recall": 0.774468085106383,
            "f1_score": 0.7805575411007863
        },
        {
            "epoch": 13,
            "duration_s": 17.891122102737427,
            "train_loss": 0.2037944181621829,
            "val_loss": 0.5630349775447565,
            "accuracy": 0.7814892136395268,
            "precision": 0.7788873038516405,
            "recall": 0.774468085106383,
            "f1_score": 0.7766714082503557
        },
        {
            "epoch": 14,
            "duration_s": 18.257574319839478,
            "train_loss": 0.2041007912234415,
            "val_loss": 0.5634427228394676,
            "accuracy": 0.7870563674321504,
            "precision": 0.7955555555555556,
            "recall": 0.7617021276595745,
            "f1_score": 0.7782608695652173
        },
        {
            "epoch": 15,
            "duration_s": 18.243241786956787,
            "train_loss": 0.20287546638069273,
            "val_loss": 0.5570388243478888,
            "accuracy": 0.7842727905358385,
            "precision": 0.7777777777777778,
            "recall": 0.7843971631205674,
            "f1_score": 0.7810734463276836
        },
        {
            "epoch": 16,
            "duration_s": 18.086055040359497,
            "train_loss": 0.20227445935523963,
            "val_loss": 0.5551145786748213,
            "accuracy": 0.7863604732080723,
            "precision": 0.7851002865329513,
            "recall": 0.7773049645390071,
            "f1_score": 0.7811831789023521
        },
        {
            "epoch": 17,
            "duration_s": 18.159950017929077,
            "train_loss": 0.20226149213842198,
            "val_loss": 0.5574461011325612,
            "accuracy": 0.7854326142426351,
            "precision": 0.7825261158594492,
            "recall": 0.7791962174940898,
            "f1_score": 0.7808576166785122
        },
        {
            "epoch": 18,
            "duration_s": 18.072176694869995,
            "train_loss": 0.20215681299001356,
            "val_loss": 0.5584614197997486,
            "accuracy": 0.7923915564834145,
            "precision": 0.8144329896907216,
            "recall": 0.7470449172576832,
            "f1_score": 0.7792848335388409
        },
        {
            "epoch": 19,
            "duration_s": 18.136508464813232,
            "train_loss": 0.20182583782869049,
            "val_loss": 0.5570822550969965,
            "accuracy": 0.794247274414289,
            "precision": 0.8151950718685832,
            "recall": 0.7508274231678487,
            "f1_score": 0.7816884075806055
        },
        {
            "epoch": 20,