{
    "params": {
        "model_name": "resnet50_lay4",
        "data_dir": "data/dataset_us",
        "batch_size": 128,
        "epochs": 50,
        "momentum": 0.9,
        "lr": 0.1,
        "weight_decay": 2e-05,
        "useCosineAnnealingLR": true,
        "warmup_epochs": 5,
        "warmup_lr_decay": 0.01,
        "label_smoothing": 0.1,
        "class_weights": null,
        "n_data_workers": 10,
        "pin_memory": true,
        "cuda_force": true,
        "wandb_id": "hcu2srty",
        "wandb_project": "LfI24",
        "safe_model": true,
        "safe_model_file": "drive/Othercomputers/pc/train/results/colab/rn50_uf4_1_us.pth",
        "safe_model_file_final": "drive/Othercomputers/pc/train/results/colab/rn50_uf4_1_us_final.pth"
    },
    "timestamp_start_utc": "2024-04-07 11:34:36",
    "duration_min": 12.572494864463806,
    "best_metrics": {
        "epoch": 6,
        "duration_s": 14.957088708877563,
        "train_loss": 0.24397071111428587,
        "val_loss": 0.6646461407927906,
        "accuracy": 0.7770818835536999,
        "precision": 0.860625,
        "recall": 0.6510638297872341,
        "f1_score": 0.7413189771197847
    },
    "log": [
        {
            "epoch": 1,
            "duration_s": 18.497467756271362,
            "train_loss": 0.6769539517692372,
            "val_loss": 0.6564817568835091,
            "accuracy": 0.6256089074460682,
            "precision": 0.6078346965131296,
            "recall": 0.667612293144208,
            "f1_score": 0.6363226678684092
        },
        {
            "epoch": 2,
            "duration_s": 15.14340877532959,
            "train_loss": 0.5459297957676875,
            "val_loss": 0.5162529691177256,
            "accuracy": 0.7789376014845744,
            "precision": 0.8370069605568445,
            "recall": 0.6822695035460993,
            "f1_score": 0.7517582703829122
        },
        {
            "epoch": 3,
            "duration_s": 14.908071756362915,
            "train_loss": 0.46125334614439856,
            "val_loss": 0.5275397958124385,
            "accuracy": 0.7821851078636047,
            "precision": 0.8466981132075472,
            "recall": 0.6789598108747045,
            "f1_score": 0.7536079769089478
        },
        {
            "epoch": 4,
            "duration_s": 15.01331090927124,
            "train_loss": 0.33100664200662056,
            "val_loss": 0.6227740579668213,
            "accuracy": 0.7272094641614475,
            "precision": 0.6824718227749709,
            "recall": 0.8302600472813239,
            "f1_score": 0.749146757679181
        },
        {
            "epoch": 5,
            "duration_s": 14.928651094436646,
            "train_loss": 0.2714565204857271,
            "val_loss": 0.6342643131228054,
            "accuracy": 0.7580607747622361,
            "precision": 0.7630029440628067,
            "recall": 0.735224586288416,
            "f1_score": 0.7488562484950638
        },
        {
            "epoch": 6,
            "duration_s": 14.957088708877563,
            "train_loss": 0.24397071111428587,
            "val_loss": 0.6646461407927906,
            "accuracy": 0.7770818835536999,
            "precision": 0.860625,
            "recall": 0.6510638297872341,
            "f1_score": 0.7413189771197847
        },
        {
            "epoch": 7,
            "duration_s": 15.089137315750122,
            "train_loss": 0.22010706072743935,
            "val_loss": 0.570242603912073,
            "accuracy": 0.7900719090698214,
            "precision": 0.8249194414607949,
            "recall": 0.7262411347517731,
            "f1_score": 0.7724415388483782
        },
        {
            "epoch": 8,
            "duration_s": 15.146131038665771,
            "train_loss": 0.21254687256450894,
            "val_loss": 0.5672674591050428,
            "accuracy": 0.7722106239851543,
            "precision": 0.7655883731833099,
            "recall": 0.7721040189125296,
            "f1_score": 0.7688323917137477
        },
        {
            "epoch": 9,
            "duration_s": 15.049575805664062,
            "train_loss": 0.20627010236435298,
            "val_loss": 0.5713694972150466,
            "accuracy": 0.7889120853630248,
            "precision": 0.8323221180364038,
            "recall": 0.7134751773049646,
            "f1_score": 0.7683299389002037
        },
        {
            "epoch": 10,
            "duration_s": 15.014628171920776,
            "train_loss": 0.20233150703620306,
            "val_loss": 0.556697333122001,
            "accuracy": 0.7828810020876826,
            "precision": 0.80153452685422,
            "recall": 0.7408983451536643,
            "f1_score": 0.77002457002457
        },
        {
            "epoch": 11,
            "duration_s": 14.838781595230103,
            "train_loss": 0.20098637940385675,
            "val_loss": 0.5615913188632797,
            "accuracy": 0.78380886105312,
            "precision": 0.8010178117048347,
            "recall": 0.7442080378250591,
            "f1_score": 0.7715686274509804
        },
        {
            "epoch": 12,
            "duration_s": 14.963170051574707,
            "train_loss": 0.2005514930697936,
            "val_loss": 0.5599186341552174,
            "accuracy": 0.786128508466713,
            "precision": 0.8134524435102469,
            "recall": 0.7319148936170212,
            "f1_score": 0.7705326032852164
        },
        {
            "epoch": 13,
            "duration_s": 15.375393629074097,
            "train_loss": 0.20011152562838566,
            "val_loss": 0.5570385521825623,
            "accuracy": 0.7828810020876826,
            "precision": 0.8094488188976378,
            "recall": 0.7290780141843972,
            "f1_score": 0.7671641791044777
        },
        {
            "epoch": 14,
            "duration_s": 14.875168085098267,
            "train_loss": 0.1998071357419219,
            "val_loss": 0.554096004103913,
            "accuracy": 0.7863604732080723,
            "precision": 0.8138801261829653,
            "recall": 0.7319148936170212,
            "f1_score": 0.7707244212098582
        },
        {
            "epoch": 15,
            "duration_s": 14.960990905761719,
            "train_loss": 0.1996810032597071,
            "val_loss": 0.5584361167515025,
            "accuracy": 0.7886801206216655,
            "precision": 0.8198724760892667,
            "recall": 0.7295508274231679,
            "f1_score": 0.7720790592944708
        },
        {
            "epoch": 16,
            "duration_s": 14.853717565536499,
            "train_loss": 0.1996214046508451,
            "val_loss": 0.5556171383051312,
            "accuracy": 0.7842727905358385,
            "precision": 0.8149920255183413,
            "recall": 0.724822695035461,
            "f1_score": 0.7672672672672673
        },
        {
            "epoch": 17,
            "duration_s": 15.127018213272095,
            "train_loss": 0.19952212302367897,
            "val_loss": 0.5562588953796554,
            "accuracy": 0.7856645789839944,
            "precision": 0.8139167105956774,
            "recall": 0.7300236406619386,
            "f1_score": 0.769690927218345
        },
        {
            "epoch": 18,
            "duration_s": 14.85288381576538,
            "train_loss": 0.19954410157626187,
            "val_loss": 0.5582687434028176,
            "accuracy": 0.7826490373463234,
            "precision": 0.7901477832512315,
            "recall": 0.7583924349881797,
            "f1_score": 0.7739445114595899
        },
        {
            "epoch": 19,
            "duration_s": 15.082947731018066,
            "train_loss": 0.19998786673892902,
            "val_loss": 0.5614944179268444,
            "accuracy": 0.7889120853630248,
            "precision": 0.825148407987048,
            "recall": 0.7229314420803783,
            "f1_score": 0.7706653225806452
        },
        {
            "epoch": 20,