{
    "params": {
        "model_name": "resnet50_lay4",
        "data_dir": "data/dataset_us",
        "batch_size": 128,
        "epochs": 50,
        "momentum": 0.9,
        "lr": 0.0005,
        "weight_decay": 0.0001,
        "useCosineAnnealingLR": true,
        "warmup_epochs": 5,
        "warmup_lr_decay": 0.01,
        "label_smoothing": 0.1,
        "class_weights": null,
        "n_data_workers": 10,
        "pin_memory": true,
        "cuda_force": true,
        "wandb_id": "h44w5dlb",
        "wandb_project": "LfI24",
        "safe_model": true,
        "safe_model_file": "drive/Othercomputers/pc/train/results/colab/rn50_uf4_4_us.pth",
        "safe_model_file_final": "drive/Othercomputers/pc/train/results/colab/rn50_uf4_4_us_final.pth"
    },
    "timestamp_start_utc": "2024-04-07 11:17:19",
    "duration_min": 12.580390310287475,
    "best_metrics": {
        "epoch": 21,
        "duration_s": 15.16133713722229,
        "train_loss": 0.49123124080368236,
        "val_loss": 0.5385568545145147,
        "accuracy": 0.763859893296219,
        "precision": 0.820572764465225,
        "recall": 0.6638297872340425,
        "f1_score": 0.7339257710402509
    },
    "log": [
        {
            "epoch": 1,
            "duration_s": 14.940176725387573,
            "train_loss": 0.696165769537793,
            "val_loss": 0.6969978318494909,
            "accuracy": 0.4957086522848527,
            "precision": 0.48926882502728264,
            "recall": 0.6359338061465721,
            "f1_score": 0.5530427631578947
        },
        {
            "epoch": 2,
            "duration_s": 14.99892282485962,
            "train_loss": 0.6919797138322757,
            "val_loss": 0.688011192223605,
            "accuracy": 0.546276965901183,
            "precision": 0.5365181442351861,
            "recall": 0.5522458628841608,
            "f1_score": 0.544268406337372
        },
        {
            "epoch": 3,
            "duration_s": 14.965415000915527,
            "train_loss": 0.6828772746309449,
            "val_loss": 0.6762812663527096,
            "accuracy": 0.5917420552076085,
            "precision": 0.5828278114792347,
            "recall": 0.5905437352245863,
            "f1_score": 0.5866604039455143
        },
        {
            "epoch": 4,
            "duration_s": 15.078211545944214,
            "train_loss": 0.6710062679610674,
            "val_loss": 0.6628957075231215,
            "accuracy": 0.6242171189979123,
            "precision": 0.6188190110417667,
            "recall": 0.6094562647754137,
            "f1_score": 0.6141019533111005
        },
        {
            "epoch": 5,
            "duration_s": 15.022540092468262,
            "train_loss": 0.6586154861540734,
            "val_loss": 0.649317716850954,
            "accuracy": 0.6448619809788912,
            "precision": 0.6403846153846153,
            "recall": 0.6297872340425532,
            "f1_score": 0.635041716328963
        },
        {
            "epoch": 6,
            "duration_s": 15.177660703659058,
            "train_loss": 0.6432334490214722,
            "val_loss": 0.6315110325813293,
            "accuracy": 0.6662027371839481,
            "precision": 0.6645569620253164,
            "recall": 0.6453900709219859,
            "f1_score": 0.6548332933557207
        },
        {
            "epoch": 7,
            "duration_s": 15.102924823760986,
            "train_loss": 0.6231137947945655,
            "val_loss": 0.610705224906697,
            "accuracy": 0.6912549292507539,
            "precision": 0.699796126401631,
            "recall": 0.6491725768321513,
            "f1_score": 0.6735344616139318
        },
        {
            "epoch": 8,
            "duration_s": 15.19175124168396,
            "train_loss": 0.5998278064063832,
            "val_loss": 0.5890816055676517,
            "accuracy": 0.7144514033866852,
            "precision": 0.7417943107221007,
            "recall": 0.6411347517730497,
            "f1_score": 0.6878011666243977
        },
        {
            "epoch": 9,
            "duration_s": 14.933971405029297,
            "train_loss": 0.5779792972003357,
            "val_loss": 0.5729616407085868,
            "accuracy": 0.729065182092322,
            "precision": 0.7719701321079839,
            "recall": 0.6354609929078014,
            "f1_score": 0.6970954356846474
        },
        {
            "epoch": 10,
            "duration_s": 15.043604612350464,
            "train_loss": 0.5615168076150024,
            "val_loss": 0.5637877855230781,
            "accuracy": 0.735792159591742,
            "precision": 0.7598509052183173,
            "recall": 0.6747044917257683,
            "f1_score": 0.7147508139243676
        },
        {
            "epoch": 11,
            "duration_s": 15.194018363952637,
            "train_loss": 0.5506052516306503,
            "val_loss": 0.5593578499906203,
            "accuracy": 0.7399675249362097,
            "precision": 0.7683585313174947,
            "recall": 0.6728132387706856,
            "f1_score": 0.7174187043105622
        },
        {
            "epoch": 12,
            "duration_s": 14.778199434280396,
            "train_loss": 0.5423524432544466,
            "val_loss": 0.554137334227562,
            "accuracy": 0.7492461145905822,
            "precision": 0.8077380952380953,
            "recall": 0.6416075650118204,
            "f1_score": 0.7151515151515151
        },
        {
            "epoch": 13,
            "duration_s": 15.040588855743408,
            "train_loss": 0.5344169896237457,
            "val_loss": 0.5498674511909485,
            "accuracy": 0.7490141498492229,
            "precision": 0.7817785051827605,
            "recall": 0.6775413711583924,
            "f1_score": 0.7259371833839919
        },
        {
            "epoch": 14,
            "duration_s": 15.145058631896973,
            "train_loss": 0.5281047206136245,
            "val_loss": 0.5472005491747576,
            "accuracy": 0.7573648805381582,
            "precision": 0.8112987769365172,
            "recall": 0.658628841607565,
            "f1_score": 0.727035490605428
        },
        {
            "epoch": 15,
            "duration_s": 14.999178886413574,
            "train_loss": 0.5222999510131304,
            "val_loss": 0.5449233396964914,
            "accuracy": 0.7569009510554395,
            "precision": 0.7975460122699386,
            "recall": 0.6761229314420804,
            "f1_score": 0.7318321392016377
        },
        {
            "epoch": 16,
            "duration_s": 15.192636013031006,
            "train_loss": 0.5164085562470593,
            "val_loss": 0.5428809576174792,
            "accuracy": 0.7587566689863141,
            "precision": 0.8055713473564525,
            "recall": 0.6699763593380614,
            "f1_score": 0.7315436241610739
        },
        {
            "epoch": 17,
            "duration_s": 14.922173023223877,
            "train_loss": 0.5104744592799416,
            "val_loss": 0.5416799240252551,
            "accuracy": 0.7596845279517513,
            "precision": 0.8123914302258252,
            "recall": 0.6633569739952718,
            "f1_score": 0.7303487766788133
        },
        {
            "epoch": 18,
            "duration_s": 15.128308773040771,
            "train_loss": 0.5048669742632516,
            "val_loss": 0.5405496946152519,
            "accuracy": 0.7610763163999072,
            "precision": 0.8042624789680314,
            "recall": 0.6780141843971631,
            "f1_score": 0.7357619291944587
        },
        {
            "epoch": 19,
            "duration_s": 14.99363112449646,
            "train_loss": 0.5011616509549225,
            "val_loss": 0.5390373266795102,
            "accuracy": 0.7617722106239851,
            "precision": 0.8112128146453089,
            "recall": 0.6704491725768321,
            "f1_score": 0.7341444473207351
        },
        {
            "epoch": 20,