{
    "params": {
        "model_name": "resnet50_lay4",
        "data_dir": "data/dataset_us",
        "batch_size": 128,
        "epochs": 50,
        "momentum": 0.9,
        "lr": 0.001,
        "weight_decay": 0.0001,
        "useCosineAnnealingLR": true,
        "warmup_epochs": 5,
        "warmup_lr_decay": 0.01,
        "label_smoothing": 0.1,
        "class_weights": null,
        "n_data_workers": 10,
        "pin_memory": true,
        "cuda_force": true,
        "wandb_id": "tekhgita",
        "wandb_project": "LfI24",
        "safe_model": true,
        "safe_model_file": "drive/Othercomputers/pc/train/results/colab/rn50_uf4_3_us.pth",
        "safe_model_file_final": "drive/Othercomputers/pc/train/results/colab/rn50_uf4_3_us_final.pth"
    },
    "timestamp_start_utc": "2024-04-07 11:04:27",
    "duration_min": 12.558210051059723,
    "best_metrics": {
        "epoch": 9,
        "duration_s": 15.06738543510437,
        "train_loss": 0.5256693270764773,
        "val_loss": 0.5419791498604942,
        "accuracy": 0.7617722106239851,
        "precision": 0.8108571428571428,
        "recall": 0.6709219858156028,
        "f1_score": 0.7342820181112548
    },
    "log": [
        {
            "epoch": 1,
            "duration_s": 15.162947654724121,
            "train_loss": 0.6940999057474015,
            "val_loss": 0.6922101834241081,
            "accuracy": 0.5163535142658316,
            "precision": 0.5130890052356021,
            "recall": 0.27801418439716313,
            "f1_score": 0.36062557497700093
        },
        {
            "epoch": 2,
            "duration_s": 15.15834355354309,
            "train_loss": 0.6857815233966972,
            "val_loss": 0.678728205316207,
            "accuracy": 0.5813036418464393,
            "precision": 0.5743761996161229,
            "recall": 0.5659574468085107,
            "f1_score": 0.5701357466063349
        },
        {
            "epoch": 3,
            "duration_s": 15.229551315307617,
            "train_loss": 0.6724396619615676,
            "val_loss": 0.6620859573869144,
            "accuracy": 0.620969612618882,
            "precision": 0.6090702947845805,
            "recall": 0.6349881796690308,
            "f1_score": 0.6217592592592592
        },
        {
            "epoch": 4,
            "duration_s": 15.121383905410767,
            "train_loss": 0.6556233952317057,
            "val_loss": 0.6424629951224607,
            "accuracy": 0.6573880770122942,
            "precision": 0.670042643923241,
            "recall": 0.5943262411347517,
            "f1_score": 0.6299173139564018
        },
        {
            "epoch": 5,
            "duration_s": 15.259937286376953,
            "train_loss": 0.6319693270363386,
            "val_loss": 0.6139406816047781,
            "accuracy": 0.6947344003711435,
            "precision": 0.7132941804591564,
            "recall": 0.631678486997636,
            "f1_score": 0.6700100300902708
        },
        {
            "epoch": 6,
            "duration_s": 15.071846008300781,
            "train_loss": 0.5932023759129681,
            "val_loss": 0.5736023248995051,
            "accuracy": 0.7299930410577592,
            "precision": 0.751188589540412,
            "recall": 0.6723404255319149,
            "f1_score": 0.7095808383233534
        },
        {
            "epoch": 7,
            "duration_s": 15.13402771949768,
            "train_loss": 0.5567822648754602,
            "val_loss": 0.556439740692868,
            "accuracy": 0.7450707492461146,
            "precision": 0.7656903765690377,
            "recall": 0.6921985815602837,
            "f1_score": 0.7270921281350882
        },
        {
            "epoch": 8,
            "duration_s": 14.895334720611572,
            "train_loss": 0.5385661890989617,
            "val_loss": 0.5481518401819117,
            "accuracy": 0.7536534446764092,
            "precision": 0.7897633461750138,
            "recall": 0.6784869976359338,
            "f1_score": 0.729908443540183
        },
        {
            "epoch": 9,
            "duration_s": 15.06738543510437,
            "train_loss": 0.5256693270764773,
            "val_loss": 0.5419791498604942,
            "accuracy": 0.7617722106239851,
            "precision": 0.8108571428571428,
            "recall": 0.6709219858156028,
            "f1_score": 0.7342820181112548
        },
        {
            "epoch": 10,
            "duration_s": 15.112680912017822,
            "train_loss": 0.5125407557698745,
            "val_loss": 0.5381916244240368,
            "accuracy": 0.7603804221758292,
            "precision": 0.8029115341545353,
            "recall": 0.6780141843971631,
            "f1_score": 0.735196103563189
        },
        {
            "epoch": 11,
            "duration_s": 15.103187322616577,
            "train_loss": 0.5022618661198435,
            "val_loss": 0.5366284750840243,
            "accuracy": 0.7615402458826258,
            "precision": 0.7920472864051585,
            "recall": 0.6969267139479906,
            "f1_score": 0.7414486921529175
        },
        {
            "epoch": 12,
            "duration_s": 15.043477535247803,
            "train_loss": 0.4922685740114767,
            "val_loss": 0.534691044512917,
            "accuracy": 0.7629320343307817,
            "precision": 0.8007705008255366,
            "recall": 0.6879432624113475,
            "f1_score": 0.7400813835198372
        },
        {
            "epoch": 13,
            "duration_s": 14.982612133026123,
            "train_loss": 0.4814016852952257,
            "val_loss": 0.5355197708396351,
            "accuracy": 0.7610763163999072,
            "precision": 0.7946768060836502,
            "recall": 0.691725768321513,
            "f1_score": 0.7396359959555107
        },
        {
            "epoch": 14,
            "duration_s": 14.925939798355103,
            "train_loss": 0.4709220447495014,
            "val_loss": 0.5347373476799797,
            "accuracy": 0.7650197170030155,
            "precision": 0.7971952535059331,
            "recall": 0.6988179669030733,
            "f1_score": 0.7447719828672209
        },
        {
            "epoch": 15,
            "duration_s": 15.127706527709961,
            "train_loss": 0.4622987173026121,
            "val_loss": 0.5358195480178384,
            "accuracy": 0.7627000695894224,
            "precision": 0.7846715328467153,
            "recall": 0.7115839243498818,
            "f1_score": 0.7463426729481776
        },
        {
            "epoch": 16,
            "duration_s": 14.98525357246399,
            "train_loss": 0.4498484315751474,
            "val_loss": 0.5387669819242814,
            "accuracy": 0.7615402458826258,
            "precision": 0.7791474062660503,
            "recall": 0.7172576832151301,
            "f1_score": 0.7469226981782372
        },
        {
            "epoch": 17,
            "duration_s": 14.973977327346802,
            "train_loss": 0.439009684361989,
            "val_loss": 0.5403196496122024,
            "accuracy": 0.7622361401067038,
            "precision": 0.7826763485477178,
            "recall": 0.7134751773049646,
            "f1_score": 0.7464753895622063
        },
        {
            "epoch": 18,
            "duration_s": 15.164642810821533,
            "train_loss": 0.4256061347602289,
            "val_loss": 0.5472032462849337,
            "accuracy": 0.7589886337276734,
            "precision": 0.7706237424547284,
            "recall": 0.7243498817966904,
            "f1_score": 0.7467706556178406
        },
        {
            "epoch": 19,
            "duration_s": 15.021683692932129,
            "train_loss": 0.41429659158368654,
            "val_loss": 0.5513602915932151,
            "accuracy": 0.76014845743447,
            "precision": 0.781071242849714,
            "recall": 0.7101654846335698,
            "f1_score": 0.7439326399207529
        },
        {
            "epoch": 20,