{
    "params": {
        "model_name": "resnet50_lay34",
        "data_dir": "data/dataset_us",
        "batch_size": 128,
        "epochs": 50,
        "momentum": 0.9,
        "lr": 0.1,
        "weight_decay": 2e-05,
        "useCosineAnnealingLR": true,
        "warmup_epochs": 5,
        "warmup_lr_decay": 0.01,
        "label_smoothing": 0.1,
        "class_weights": null,
        "n_data_workers": 10,
        "pin_memory": true,
        "cuda_force": true,
        "wandb_id": "j0ekcinw",
        "wandb_project": "LfI24",
        "safe_model": true,
        "safe_model_file": "drive/Othercomputers/pc/train/results/colab/rn50_uf34_1_us.pth",
        "safe_model_file_final": "drive/Othercomputers/pc/train/results/colab/rn50_uf34_1_us_final.pth"
    },
    "timestamp_start_utc": "2024-04-07 11:50:24",
    "duration_min": 15.17252033551534,
    "best_metrics": {
        "epoch": 8,
        "duration_s": 18.341412782669067,
        "train_loss": 0.21825501200141786,
        "val_loss": 0.5595305811832932,
        "accuracy": 0.8030619345859429,
        "precision": 0.8584371460928653,
        "recall": 0.7167848699763594,
        "f1_score": 0.7812419479515589
    },
    "log": [
        {
            "epoch": 1,
            "duration_s": 21.45823645591736,
            "train_loss": 0.675697107481051,
            "val_loss": 0.6498363955932505,
            "accuracy": 0.640222686151705,
            "precision": 0.6201022146507666,
            "recall": 0.6884160756501182,
            "f1_score": 0.652475913062962
        },
        {
            "epoch": 2,
            "duration_s": 18.189226150512695,
            "train_loss": 0.5177132698554027,
            "val_loss": 0.4895542570773293,
            "accuracy": 0.8032938993273022,
            "precision": 0.8214104515474379,
            "recall": 0.76548463356974,
            "f1_score": 0.7924620655898189
        },
        {
            "epoch": 3,
            "duration_s": 18.270888090133667,
            "train_loss": 0.4337222108358069,
            "val_loss": 0.5124748520114842,
            "accuracy": 0.7933194154488518,
            "precision": 0.7851817334575956,
            "recall": 0.7966903073286052,
            "f1_score": 0.7908941563013377
        },
        {
            "epoch": 4,
            "duration_s": 17.93876051902771,
            "train_loss": 0.32994066499456576,
            "val_loss": 0.5643619579427382,
            "accuracy": 0.7842727905358385,
            "precision": 0.794044665012407,
            "recall": 0.7565011820330969,
            "f1_score": 0.774818401937046
        },
        {
            "epoch": 5,
            "duration_s": 17.949573040008545,
            "train_loss": 0.29847814435068565,
            "val_loss": 0.5776336999500499,
            "accuracy": 0.7745302713987474,
            "precision": 0.7587143503847895,
            "recall": 0.7924349881796691,
            "f1_score": 0.7752081406105458
        },
        {
            "epoch": 6,
            "duration_s": 18.157254695892334,
            "train_loss": 0.28816571445027483,
            "val_loss": 0.6110630105523502,
            "accuracy": 0.7773138482950591,
            "precision": 0.7586206896551724,
            "recall": 0.8009456264775414,
            "f1_score": 0.7792088316467342
        },
        {
            "epoch": 7,
            "duration_s": 18.126850128173828,
            "train_loss": 0.24271280422240873,
            "val_loss": 0.5709406334687682,
            "accuracy": 0.8007422871723499,
            "precision": 0.8250517598343685,
            "recall": 0.7536643026004728,
            "f1_score": 0.7877440079070916
        },
        {
            "epoch": 8,
            "duration_s": 18.341412782669067,
            "train_loss": 0.21825501200141786,
            "val_loss": 0.5595305811832932,
            "accuracy": 0.8030619345859429,
            "precision": 0.8584371460928653,
            "recall": 0.7167848699763594,
            "f1_score": 0.7812419479515589
        },
        {
            "epoch": 9,
            "duration_s": 18.297104358673096,
            "train_loss": 0.20646795243779315,
            "val_loss": 0.5542870724902433,
            "accuracy": 0.8005103224309905,
            "precision": 0.8290508652333508,
            "recall": 0.7475177304964539,
            "f1_score": 0.7861760318249628
        },
        {
            "epoch": 10,
            "duration_s": 18.34431767463684,
            "train_loss": 0.2029699188998983,
            "val_loss": 0.5481221005320549,
            "accuracy": 0.8063094409649734,
            "precision": 0.8225806451612904,
            "recall": 0.7716312056737589,
            "f1_score": 0.7962917784825567
        },
        {
            "epoch": 11,
            "duration_s": 17.998459100723267,
            "train_loss": 0.20193876986262166,
            "val_loss": 0.5458953788175303,
            "accuracy": 0.7991185339828346,
            "precision": 0.8187850944359367,
            "recall": 0.7583924349881797,
            "f1_score": 0.787432498772705
        },
        {
            "epoch": 12,
            "duration_s": 18.09676456451416,
            "train_loss": 0.202019403535354,
            "val_loss": 0.544063125463093,
            "accuracy": 0.8028299698445837,
            "precision": 0.822868810617662,
            "recall": 0.7621749408983451,
            "f1_score": 0.7913598429062346
        },
        {
            "epoch": 13,
            "duration_s": 18.270896196365356,
            "train_loss": 0.20011271668385855,
            "val_loss": 0.5505112874157289,
            "accuracy": 0.8065414057063326,
            "precision": 0.8175508180466039,
            "recall": 0.7796690307328605,
            "f1_score": 0.7981606969990319
        },
        {
            "epoch": 14,
            "duration_s": 18.254597663879395,
            "train_loss": 0.19958918683136564,
            "val_loss": 0.5500605307957706,
            "accuracy": 0.805381581999536,
            "precision": 0.8448648648648649,
            "recall": 0.7390070921985815,
            "f1_score": 0.7883984867591424
        },
        {
            "epoch": 15,
            "duration_s": 18.381404399871826,
            "train_loss": 0.19940084530205665,
            "val_loss": 0.5561409763553563,
            "accuracy": 0.8121085594989561,
            "precision": 0.8418019905709796,
            "recall": 0.7598108747044917,
            "f1_score": 0.7987077534791253
        },
        {
            "epoch": 16,
            "duration_s": 18.020151615142822,
            "train_loss": 0.19961098666432536,
            "val_loss": 0.5482273224522086,
            "accuracy": 0.8070053351890513,
            "precision": 0.8335933437337494,
            "recall": 0.757919621749409,
            "f1_score": 0.7939574046557702
        },
        {
            "epoch": 17,
            "duration_s": 18.02133798599243,
            "train_loss": 0.19917927512639685,
            "val_loss": 0.5515757439767613,
            "accuracy": 0.8095569473440037,
            "precision": 0.8348861283643892,
            "recall": 0.7626477541371158,
            "f1_score": 0.7971336792685941
        },
        {
            "epoch": 18,
            "duration_s": 18.263044118881226,
            "train_loss": 0.1990461602241178,
            "val_loss": 0.5514362936510759,
            "accuracy": 0.8123405242403154,
            "precision": 0.8522114347357066,
            "recall": 0.7470449172576832,
            "f1_score": 0.7961703199798438
        },
        {
            "epoch": 19,
            "duration_s": 18.173646926879883,
            "train_loss": 0.1990194302759593,
            "val_loss": 0.5555710674208754,
            "accuracy": 0.8118765947575969,
            "precision": 0.8413612565445027,
            "recall": 0.7598108747044917,
            "f1_score": 0.7985093167701863
        },
        {
            "epoch": 20,