{
    "params": {
        "model_name": "resnet50_lay34",
        "data_dir": "data/dataset_us",
        "batch_size": 128,
        "epochs": 50,
        "momentum": 0.9,
        "lr": 0.001,
        "weight_decay": 0.0001,
        "useCosineAnnealingLR": true,
        "warmup_epochs": 5,
        "warmup_lr_decay": 0.01,
        "label_smoothing": 0.1,
        "class_weights": null,
        "n_data_workers": 10,
        "pin_memory": true,
        "cuda_force": true,
        "wandb_id": "j2v7ynph",
        "wandb_project": "LfI24",
        "safe_model": true,
        "safe_model_file": "drive/Othercomputers/pc/train/results/colab/rn50_uf34_3_us.pth",
        "safe_model_file_final": "drive/Othercomputers/pc/train/results/colab/rn50_uf34_3_us_final.pth"
    },
    "timestamp_start_utc": "2024-04-07 12:21:23",
    "duration_min": 15.251241703828176,
    "best_metrics": {
        "epoch": 9,
        "duration_s": 18.15649390220642,
        "train_loss": 0.48409704939474035,
        "val_loss": 0.5160234640626347,
        "accuracy": 0.7852006495012758,
        "precision": 0.835307388606881,
        "recall": 0.7002364066193854,
        "f1_score": 0.7618312757201647
    },
    "log": [
        {
            "epoch": 1,
            "duration_s": 18.362921714782715,
            "train_loss": 0.6975983170014394,
            "val_loss": 0.6989820844986859,
            "accuracy": 0.48132683832057527,
            "precision": 0.458590006844627,
            "recall": 0.31678486997635935,
            "f1_score": 0.3747203579418345
        },
        {
            "epoch": 2,
            "duration_s": 18.30686354637146,
            "train_loss": 0.6900508433957643,
            "val_loss": 0.6845494368497063,
            "accuracy": 0.5576432382277894,
            "precision": 0.5484171322160148,
            "recall": 0.5569739952718676,
            "f1_score": 0.55266244428806
        },
        {
            "epoch": 3,
            "duration_s": 18.433449745178223,
            "train_loss": 0.6743673689757721,
            "val_loss": 0.6652483799878288,
            "accuracy": 0.6179540709812108,
            "precision": 0.6091417910447762,
            "recall": 0.6174940898345154,
            "f1_score": 0.6132895045785395
        },
        {
            "epoch": 4,
            "duration_s": 18.30992555618286,
            "train_loss": 0.6537945568561554,
            "val_loss": 0.6380572397919262,
            "accuracy": 0.6636511250289956,
            "precision": 0.6704254228600718,
            "recall": 0.6184397163120567,
            "f1_score": 0.6433841613379243
        },
        {
            "epoch": 5,
            "duration_s": 18.37748670578003,
            "train_loss": 0.6123889892161647,
            "val_loss": 0.5804787777802524,
            "accuracy": 0.7223382045929019,
            "precision": 0.7622857142857142,
            "recall": 0.6307328605200946,
            "f1_score": 0.6902975420439844
        },
        {
            "epoch": 6,
            "duration_s": 18.324450969696045,
            "train_loss": 0.5504841027380545,
            "val_loss": 0.5405905614880955,
            "accuracy": 0.763859893296219,
            "precision": 0.8065958636109558,
            "recall": 0.6822695035460993,
            "f1_score": 0.7392418032786885
        },
        {
            "epoch": 7,
            "duration_s": 18.33514642715454,
            "train_loss": 0.5190706209668631,
            "val_loss": 0.5290586141978993,
            "accuracy": 0.7689631176061239,
            "precision": 0.8025959978366685,
            "recall": 0.7016548463356974,
            "f1_score": 0.7487386478304743
        },
        {
            "epoch": 8,
            "duration_s": 18.341602325439453,
            "train_loss": 0.49980523974835117,
            "val_loss": 0.5212773575502283,
            "accuracy": 0.778705636743215,
            "precision": 0.811260053619303,
            "recall": 0.7153664302600473,
            "f1_score": 0.7603015075376884
        },
        {
            "epoch": 9,
            "duration_s": 18.15649390220642,
            "train_loss": 0.48409704939474035,
            "val_loss": 0.5160234640626347,
            "accuracy": 0.7852006495012758,
            "precision": 0.835307388606881,
            "recall": 0.7002364066193854,
            "f1_score": 0.7618312757201647
        },
        {
            "epoch": 10,
            "duration_s": 18.490455865859985,
            "train_loss": 0.46975030457671685,
            "val_loss": 0.5118308566948947,
            "accuracy": 0.7877522616562282,
            "precision": 0.8325942350332595,
            "recall": 0.7101654846335698,
            "f1_score": 0.766522071957132
        },
        {
            "epoch": 11,
            "duration_s": 18.115054845809937,
            "train_loss": 0.4571779841863656,
            "val_loss": 0.5137317018473849,
            "accuracy": 0.783112966829042,
            "precision": 0.8010204081632653,
            "recall": 0.7423167848699763,
            "f1_score": 0.7705521472392637
        },
        {
            "epoch": 12,
            "duration_s": 18.301204681396484,
            "train_loss": 0.4438011480283134,
            "val_loss": 0.5126565712339738,
            "accuracy": 0.7872883321735096,
            "precision": 0.8159282700421941,
            "recall": 0.7314420803782505,
            "f1_score": 0.7713787085514835
        },
        {
            "epoch": 13,
            "duration_s": 18.526366233825684,
            "train_loss": 0.4287350873781156,
            "val_loss": 0.5154480872785344,
            "accuracy": 0.7884481558803061,
            "precision": 0.8235610543302851,
            "recall": 0.7238770685579197,
            "f1_score": 0.770508303975843
        },
        {
            "epoch": 14,
            "duration_s": 18.337684392929077,
            "train_loss": 0.4141875878919529,
            "val_loss": 0.5172202341696795,
            "accuracy": 0.786824402690791,
            "precision": 0.8174097664543525,
            "recall": 0.7281323877068558,
            "f1_score": 0.7701925481370342
        },
        {
            "epoch": 15,
            "duration_s": 18.376206398010254,
            "train_loss": 0.3993590030866333,
            "val_loss": 0.5249074504655951,
            "accuracy": 0.7879842263975876,
            "precision": 0.8178930651138169,
            "recall": 0.7304964539007093,
            "f1_score": 0.7717282717282717
        },
        {
            "epoch": 16,
            "duration_s": 18.123984336853027,
            "train_loss": 0.3799115949416462,
            "val_loss": 0.529998433064012,
            "accuracy": 0.7891440501043842,
            "precision": 0.8134095634095634,
            "recall": 0.7399527186761229,
            "f1_score": 0.7749442931418667
        },
        {
            "epoch": 17,
            "duration_s": 18.529468297958374,
            "train_loss": 0.3628002955943723,
            "val_loss": 0.5405442293952493,
            "accuracy": 0.7849686847599165,
            "precision": 0.8077720207253886,
            "recall": 0.7371158392434988,
            "f1_score": 0.7708281829419035
        },
        {
            "epoch": 18,
            "duration_s": 18.186062335968018,
            "train_loss": 0.34439786268940453,
            "val_loss": 0.5486884800826802,
            "accuracy": 0.7833449315704013,
            "precision": 0.7916049382716049,
            "recall": 0.757919621749409,
            "f1_score": 0.7743961352657005
        },
        {
            "epoch": 19,
            "duration_s": 18.48462724685669,
            "train_loss": 0.32505697313743304,
            "val_loss": 0.5583654484328102,
            "accuracy": 0.7824170726049641,
            "precision": 0.7894736842105263,
            "recall": 0.7588652482269503,
            "f1_score": 0.7738669238187078
        },
        {
            "epoch": 20,